#2026 08 19 17:46:00.538#Z#INFO#d739ad82-9bf5-11f1-8315-eeee0a991ab8.OPERATION#http-nio-0.0.0.0-8080-exec-6#
[XS2StartProcessListener] Operation ID: d739ad82-9bf5-11f1-8315-eeee0a991ab8#
#2026 08 19 17:46:00.552#Z#DEBUG#d739ad82-9bf5-11f1-8315-eeee0a991ab8.OPERATION#http-nio-0.0.0.0-8080-exec-6#
[XS2StartProcessListener] Process environment: {
  "SKIP_SSL_VALIDATION" : "false",
  "FLOWABLE_JOB_EXECUTOR_MAX_THREADS" : "32",
  "VERSION" : "2.52.0",
  "BASIC_AUTH_ENABLED" : "true",
  "FLOWABLE_JOB_EXECUTOR_QUEUE_CAPACITY" : "16",
  "FLOWABLE_JOB_EXECUTOR_CORE_THREADS" : "8"
}#
#2026 08 19 17:46:00.552#Z#DEBUG#d739ad82-9bf5-11f1-8315-eeee0a991ab8.OPERATION#http-nio-0.0.0.0-8080-exec-6#
[XS2StartProcessListener] Current user: sumitcapm90@gmail.com#
#2026 08 19 17:46:00.552#Z#DEBUG#d739ad82-9bf5-11f1-8315-eeee0a991ab8.OPERATION#http-nio-0.0.0.0-8080-exec-6#
[XS2StartProcessListener] Client space: dev#
#2026 08 19 17:46:00.552#Z#DEBUG#d739ad82-9bf5-11f1-8315-eeee0a991ab8.OPERATION#http-nio-0.0.0.0-8080-exec-6#
[XS2StartProcessListener] Client organization: 7552edf5trial#
#2026 08 19 17:46:00.552#Z#INFO#d739ad82-9bf5-11f1-8315-eeee0a991ab8.OPERATION#http-nio-0.0.0.0-8080-exec-6#
[XS2StartProcessListener] Process variables: {
  "keepFiles" : false,
  "skipAppDigestCalculation" : false,
  "abortOnError" : false,
  "mtaId" : "mycapapp",
  "noFailOnMissingPermissions" : false,
  "isSecurityEnabled" : false,
  "apiRequestPath" : "https://deploy-service.cf.us10-003.hana.ondemand.com/api/v1/spaces/b29d2292-6952-4f26-8288-4fbcf217a78e/operations",
  "deleteServiceBrokers" : false,
  "appArchiveId" : "47bcf4b6-2a92-4cd9-99d3-0d1ff56fa18a",
  "isDisposableUserProvidedServiceEnabled" : false,
  "deleteServiceKeys" : false,
  "noRestartSubscribedApps" : false,
  "noStart" : false,
  "deleteServices" : false
}#
#2026 08 19 17:46:00.583#Z#DEBUG#d739ad82-9bf5-11f1-8315-eeee0a991ab8.OPERATION#flowable-async-job-executor-thread-303#
[ValidateDeployParametersStep] Executing task "validateParametersTask" of process "d739d4b8-9bf5-11f1-8315-eeee0a991ab8"...#
#2026 08 19 17:46:00.583#Z#DEBUG#d739ad82-9bf5-11f1-8315-eeee0a991ab8.OPERATION#flowable-async-job-executor-thread-303#
[ValidateDeployParametersStep] Validating parameters...#
#2026 08 19 17:46:00.584#Z#INFO#d739ad82-9bf5-11f1-8315-eeee0a991ab8.OPERATION#flowable-async-job-executor-thread-303#
[ValidateDeployParametersStep] Size of mtars is 19,138,973 and size of extension descriptors is 0#
#2026 08 19 17:46:00.614#Z#INFO#d739ad82-9bf5-11f1-8315-eeee0a991ab8.OPERATION#flowable-async-job-executor-thread-303#
[ValidateDeployParametersStep] Archive was not split! Total size in bytes: 19,138,973#
#2026 08 19 17:46:00.614#Z#INFO#d739ad82-9bf5-11f1-8315-eeee0a991ab8.OPERATION#flowable-async-job-executor-thread-303#
[ValidateDeployParametersStep] Deploying in org "7552edf5trial" and space "dev"#
#2026 08 19 17:46:00.617#Z#DEBUG#d739ad82-9bf5-11f1-8315-eeee0a991ab8.OPERATION#flowable-async-job-executor-thread-303#
[ValidateDeployParametersStep] Parameters validated#
#2026 08 19 17:46:00.617#Z#DEBUG#d739ad82-9bf5-11f1-8315-eeee0a991ab8.OPERATION#flowable-async-job-executor-thread-303#
Step "Validate Parameters" finished#
#2026 08 19 17:46:00.638#Z#DEBUG#d739ad82-9bf5-11f1-8315-eeee0a991ab8.OPERATION#flowable-async-job-executor-thread-304#
[DeleteRemainingFileParts] Executing task "deleteRemainingFileParts" of process "d739d4b8-9bf5-11f1-8315-eeee0a991ab8"...#
#2026 08 19 17:46:00.639#Z#DEBUG#d739ad82-9bf5-11f1-8315-eeee0a991ab8.OPERATION#flowable-async-job-executor-thread-304#
Step "Delete Remaining File Parts" finished#
#2026 08 19 17:46:00.654#Z#DEBUG#d739ad82-9bf5-11f1-8315-eeee0a991ab8.OPERATION#flowable-async-job-executor-thread-305#
[XS2ProcessMtaArchiveStep] Executing task "processArchiveTask" of process "d739d4b8-9bf5-11f1-8315-eeee0a991ab8"...#
#2026 08 19 17:46:00.654#Z#DEBUG#d739ad82-9bf5-11f1-8315-eeee0a991ab8.OPERATION#flowable-async-job-executor-thread-305#
[XS2ProcessMtaArchiveStep] Processing MTA archive...#
#2026 08 19 17:46:00.654#Z#DEBUG#d739ad82-9bf5-11f1-8315-eeee0a991ab8.OPERATION#flowable-async-job-executor-thread-305#
[XS2ProcessMtaArchiveStep] MTA Archive ID: 47bcf4b6-2a92-4cd9-99d3-0d1ff56fa18a#
#2026 08 19 17:46:00.915#Z#DEBUG#d739ad82-9bf5-11f1-8315-eeee0a991ab8.OPERATION#flowable-async-job-executor-thread-305#
[XS2ProcessMtaArchiveStep] MTA Descriptor length: 1,454#
#2026 08 19 17:46:00.915#Z#DEBUG#d739ad82-9bf5-11f1-8315-eeee0a991ab8.OPERATION#flowable-async-job-executor-thread-305#
[XS2ProcessMtaArchiveStep] MTA Archive Modules: [mycapapp-srv, mycapapp-ui, mycapapp-db-deployer]#
#2026 08 19 17:46:00.915#Z#DEBUG#d739ad82-9bf5-11f1-8315-eeee0a991ab8.OPERATION#flowable-async-job-executor-thread-305#
[XS2ProcessMtaArchiveStep] MTA Archive Requires: []#
#2026 08 19 17:46:00.915#Z#DEBUG#d739ad82-9bf5-11f1-8315-eeee0a991ab8.OPERATION#flowable-async-job-executor-thread-305#
[XS2ProcessMtaArchiveStep] MTA Archive Resources: [mycapapp-auth]#
#2026 08 19 17:46:00.922#Z#DEBUG#d739ad82-9bf5-11f1-8315-eeee0a991ab8.OPERATION#flowable-async-job-executor-thread-305#
[XS2ProcessMtaArchiveStep] MTA archive processed#
#2026 08 19 17:46:00.922#Z#DEBUG#d739ad82-9bf5-11f1-8315-eeee0a991ab8.OPERATION#flowable-async-job-executor-thread-305#
Step "Process Archive" finished#
#2026 08 19 17:46:00.943#Z#DEBUG#d739ad82-9bf5-11f1-8315-eeee0a991ab8.OPERATION#flowable-async-job-executor-thread-306#
[ProcessMtaExtensionDescriptorsStep] Executing task "processExtensionDescriptorsTask" of process "d739d4b8-9bf5-11f1-8315-eeee0a991ab8"...#
#2026 08 19 17:46:00.944#Z#DEBUG#d739ad82-9bf5-11f1-8315-eeee0a991ab8.OPERATION#flowable-async-job-executor-thread-306#
[ProcessMtaExtensionDescriptorsStep] Processing MTA extension descriptors...#
#2026 08 19 17:46:00.944#Z#DEBUG#d739ad82-9bf5-11f1-8315-eeee0a991ab8.OPERATION#flowable-async-job-executor-thread-306#
[ProcessMtaExtensionDescriptorsStep] Provided extension descriptors: [ ]#
#2026 08 19 17:46:00.944#Z#DEBUG#d739ad82-9bf5-11f1-8315-eeee0a991ab8.OPERATION#flowable-async-job-executor-thread-306#
[ProcessMtaExtensionDescriptorsStep] No extension descriptors in use#
#2026 08 19 17:46:00.944#Z#DEBUG#d739ad82-9bf5-11f1-8315-eeee0a991ab8.OPERATION#flowable-async-job-executor-thread-306#
[ProcessMtaExtensionDescriptorsStep] MTA extension descriptors processed#
#2026 08 19 17:46:00.944#Z#DEBUG#d739ad82-9bf5-11f1-8315-eeee0a991ab8.OPERATION#flowable-async-job-executor-thread-306#
Step "Process Extension Descriptors" finished#
#2026 08 19 17:46:00.962#Z#DEBUG#d739ad82-9bf5-11f1-8315-eeee0a991ab8.OPERATION#flowable-async-job-executor-thread-307#
[XS2DetectMtaSchemaVersionStep] Executing task "detectSchemaVersionTask" of process "d739d4b8-9bf5-11f1-8315-eeee0a991ab8"...#
#2026 08 19 17:46:00.962#Z#DEBUG#d739ad82-9bf5-11f1-8315-eeee0a991ab8.OPERATION#flowable-async-job-executor-thread-307#
[XS2DetectMtaSchemaVersionStep] Detecting MTA major schema version...#
#2026 08 19 17:46:00.963#Z#INFO#d739ad82-9bf5-11f1-8315-eeee0a991ab8.OPERATION#flowable-async-job-executor-thread-307#
[XS2DetectMtaSchemaVersionStep] Detected MTA schema version: "3"#
#2026 08 19 17:46:00.966#Z#DEBUG#d739ad82-9bf5-11f1-8315-eeee0a991ab8.OPERATION#flowable-async-job-executor-thread-307#
Step "Detect Schema Version" finished#
#2026 08 19 17:46:00.983#Z#DEBUG#d739ad82-9bf5-11f1-8315-eeee0a991ab8.OPERATION#flowable-async-job-executor-thread-308#
[MergeDescriptorsStep] Executing task "mergeDescriptorsTask" of process "d739d4b8-9bf5-11f1-8315-eeee0a991ab8"...#
#2026 08 19 17:46:00.983#Z#DEBUG#d739ad82-9bf5-11f1-8315-eeee0a991ab8.OPERATION#flowable-async-job-executor-thread-308#
[MergeDescriptorsStep] Validating and merging descriptors...#
#2026 08 19 17:46:00.985#Z#DEBUG#d739ad82-9bf5-11f1-8315-eeee0a991ab8.OPERATION#flowable-async-job-executor-thread-308#
[MergeDescriptorsStep] Merged deployment descriptor: {
  "majorSchemaVersion" : 3,
  "schemaVersion" : "3.3.0",
  "id" : "mycapapp",
  "version" : "1.0.0",
  "modules" : [ {
    "majorSchemaVersion" : 3,
    "name" : "mycapapp-ui",
    "type" : "javascript.nodejs",
    "path" : "mycapapp-ui",
    "properties" : { },
    "parameters" : {
      "buildpack" : "nodejs_buildpack",
      "instances" : 1
    },
    "requiredDependencies" : [ {
      "majorSchemaVersion" : 3,
      "name" : "********",
      "properties" : { },
      "parameters" : { },
      "propertiesMetadata" : {
        "metadata" : { }
      },
      "parametersMetadata" : {
        "metadata" : { }
      }
    }, {
      "majorSchemaVersion" : 3,
      "name" : "srv-api",
      "group" : "destinations",
      "properties" : {
        "name" : "srv-api",
        "strictSSL" : true,
        "forwardauthToken" : "********",
        "url" : "~{srv-url}"
      },
      "parameters" : { },
      "propertiesMetadata" : {
        "metadata" : { }
      },
      "parametersMetadata" : {
        "metadata" : { }
      }
    } ],
    "providedDependencies" : [ {
      "majorSchemaVersion" : 3,
      "name" : "mycapapp-ui",
      "isPublic" : false,
      "properties" : { },
      "parameters" : { },
      "propertiesMetadata" : {
        "metadata" : { }
      },
      "parametersMetadata" : {
        "metadata" : { }
      }
    } ],
    "propertiesMetadata" : {
      "metadata" : { }
    },
    "parametersMetadata" : {
      "metadata" : { }
    },
    "hooks" : [ ]
  }, {
    "majorSchemaVersion" : 3,
    "name" : "mycapapp-srv",
    "type" : "javascript.nodejs",
    "path" : "mycapapp-srv",
    "properties" : { },
    "parameters" : {
      "buildpack" : "nodejs_buildpack",
      "instances" : 1
    },
    "requiredDependencies" : [ {
      "majorSchemaVersion" : 3,
      "name" : "********",
      "properties" : { },
      "parameters" : { },
      "propertiesMetadata" : {
        "metadata" : { }
      },
      "parametersMetadata" : {
        "metadata" : { }
      }
    }, {
      "majorSchemaVersion" : 3,
      "name" : "mycapapp-db",
      "properties" : { },
      "parameters" : { },
      "propertiesMetadata" : {
        "metadata" : { }
      },
      "parametersMetadata" : {
        "metadata" : { }
      }
    } ],
    "providedDependencies" : [ {
      "majorSchemaVersion" : 3,
      "name" : "srv-api",
      "isPublic" : false,
      "properties" : {
        "srv-url" : "${default-url}"
      },
      "parameters" : { },
      "propertiesMetadata" : {
        "metadata" : { }
      },
      "parametersMetadata" : {
        "metadata" : { }
      }
    }, {
      "majorSchemaVersion" : 3,
      "name" : "mycapapp-srv",
      "isPublic" : false,
      "properties" : { },
      "parameters" : { },
      "propertiesMetadata" : {
        "metadata" : { }
      },
      "parametersMetadata" : {
        "metadata" : { }
      }
    } ],
    "propertiesMetadata" : {
      "metadata" : { }
    },
    "parametersMetadata" : {
      "metadata" : { }
    },
    "hooks" : [ ]
  }, {
    "majorSchemaVersion" : 3,
    "name" : "mycapapp-db-deployer",
    "type" : "com.sap.xs.hdi",
    "path" : "mycapapp-db-deployer",
    "properties" : {
      "EXIT" : 1
    },
    "parameters" : {
      "memory" : "256M",
      "buildpack" : "nodejs_buildpack",
      "no-route" : true,
      "dependency-type" : "hard",
      "tasks" : [ {
        "name" : "deploy",
        "memory" : "256M",
        "command" : "npm start"
      } ],
      "no-start" : true
    },
    "requiredDependencies" : [ {
      "majorSchemaVersion" : 3,
      "name" : "mycapapp-db",
      "properties" : { },
      "parameters" : { },
      "propertiesMetadata" : {
        "metadata" : { }
      },
      "parametersMetadata" : {
        "metadata" : { }
      }
    } ],
    "providedDependencies" : [ {
      "majorSchemaVersion" : 3,
      "name" : "mycapapp-db-deployer",
      "isPublic" : false,
      "properties" : { },
      "parameters" : { },
      "propertiesMetadata" : {
        "metadata" : { }
      },
      "parametersMetadata" : {
        "metadata" : { }
      }
    } ],
    "propertiesMetadata" : {
      "metadata" : { }
    },
    "parametersMetadata" : {
      "metadata" : { }
    },
    "hooks" : [ ]
  } ],
  "resources" : [ {
    "majorSchemaVersion" : 3,
    "name" : "********",
    "type" : "org.cloudfoundry.managed-service",
    "properties" : { },
    "parameters" : {
      "path" : "./xs-security.json",
      "service-plan" : "application",
      "type" : "managed-service",
      "config" : {
        "oauth2-configuration" : "********",
        "tenant-mode" : "dedicated",
        "xsappname" : "mycapapp-${org}-${space}"
      },
      "service" : "xsuaa"
    },
    "isActive" : true,
    "isOptional" : false,
    "propertiesMetadata" : {
      "metadata" : { }
    },
    "parametersMetadata" : {
      "metadata" : { }
    },
    "requiredDependencies" : [ ],
    "processedAfter" : [ ]
  }, {
    "majorSchemaVersion" : 3,
    "name" : "mycapapp-db",
    "type" : "com.sap.xs.hdi-container",
    "properties" : { },
    "parameters" : {
      "type" : "managed-service",
      "service" : "hana",
      "service-plan" : "hdi-shared"
    },
    "isActive" : true,
    "isOptional" : false,
    "propertiesMetadata" : {
      "metadata" : { }
    },
    "parametersMetadata" : {
      "metadata" : { }
    },
    "requiredDependencies" : [ ],
    "processedAfter" : [ ]
  } ],
  "parameters" : {
    "enable-parallel-deployments" : true
  },
  "parametersMetadata" : {
    "metadata" : { }
  }
}#
#2026 08 19 17:46:00.986#Z#DEBUG#d739ad82-9bf5-11f1-8315-eeee0a991ab8.OPERATION#flowable-async-job-executor-thread-308#
[MergeDescriptorsStep] Descriptors validated and merged#
#2026 08 19 17:46:00.986#Z#DEBUG#d739ad82-9bf5-11f1-8315-eeee0a991ab8.OPERATION#flowable-async-job-executor-thread-308#
Step "Merge Descriptors" finished#
#2026 08 19 17:46:01.004#Z#DEBUG#d739ad82-9bf5-11f1-8315-eeee0a991ab8.OPERATION#flowable-async-job-executor-thread-309#
[DetectDeployedMtaStep] Executing task "detectDeployedMtaTask" of process "d739d4b8-9bf5-11f1-8315-eeee0a991ab8"...#
#2026 08 19 17:46:01.004#Z#DEBUG#d739ad82-9bf5-11f1-8315-eeee0a991ab8.OPERATION#flowable-async-job-executor-thread-309#
[DetectDeployedMtaStep] Detecting deployed MTA...#
#2026 08 19 17:46:01.071#Z#DEBUG#d739ad82-9bf5-11f1-8315-eeee0a991ab8.OPERATION#flowable-async-job-executor-thread-309#
[DetectDeployedMtaStep] Detecting MTA by id mycapapp and namespace null#
#2026 08 19 17:46:01.071#Z#DEBUG#d739ad82-9bf5-11f1-8315-eeee0a991ab8.OPERATION#flowable-async-job-executor-thread-309#
[DetectDeployedMtaStep] Getting applications by metadata label selector "mta_id=8dddd39a7d59d9fa7a483d6583e9c929,!mta_namespace"...#
#2026 08 19 17:46:01.116#Z#DEBUG#d739ad82-9bf5-11f1-8315-eeee0a991ab8.OPERATION#flowable-async-job-executor-thread-309#
[DetectDeployedMtaStep] Getting service instances by metadata label selector "mta_id=8dddd39a7d59d9fa7a483d6583e9c929,!mta_namespace"...#
#2026 08 19 17:46:01.226#Z#DEBUG#d739ad82-9bf5-11f1-8315-eeee0a991ab8.OPERATION#flowable-async-job-executor-thread-309#
[DetectDeployedMtaStep] Deployed MTA: {
  "metadata" : {
    "id" : "mycapapp",
    "version" : "1.0.0"
  },
  "applications" : [ {
    "name" : "mycapapp-srv",
    "metadata" : {
      "guid" : "22d07cc0-425d-441c-8cbb-9456d26e40b2",
      "createdAt" : [ 2026, 8, 18, 15, 23, 48 ],
      "updatedAt" : [ 2026, 8, 19, 0, 2, 21 ]
    },
    "v3Metadata" : {
      "annotations" : {
        "mta_id" : "mycapapp",
        "mta_version" : "1.0.0",
        "mta_module" : "{\"name\":\"mycapapp-srv\"}",
        "mta_module_provided_dependencies" : "[]",
        "mta_bound_services" : "********"
      },
      "labels" : {
        "mta_id" : "8dddd39a7d59d9fa7a483d6583e9c929"
      }
    },
    "state" : "STOPPED",
    "lifecycle" : {
      "type" : "BUILDPACK",
      "data" : {
        "stack" : "cflinuxfs4",
        "buildpacks" : [ "nodejs_buildpack" ]
      }
    },
    "space" : {
      "name" : "dev",
      "metadata" : {
        "guid" : "b29d2292-6952-4f26-8288-4fbcf217a78e",
        "createdAt" : [ 2026, 7, 19, 17, 11, 41 ],
        "updatedAt" : [ 2026, 7, 19, 17, 11, 41 ]
      },
      "organization" : {
        "name" : "7552edf5trial",
        "metadata" : {
          "guid" : "f947dbd6-c83f-42a2-a7ec-4bf2f722d93b",
          "createdAt" : [ 2026, 7, 19, 17, 11, 40 ],
          "updatedAt" : [ 2026, 7, 19, 17, 11, 40 ]
        }
      }
    },
    "moduleName" : "mycapapp-srv",
    "boundMtaServices" : [ "********", "mycapapp-db" ],
    "providedDependencyNames" : [ ],
    "productizationState" : "LIVE"
  }, {
    "name" : "mycapapp-db-deployer",
    "metadata" : {
      "guid" : "226dcc0b-a6a8-45c3-833a-d67d2c896271",
      "createdAt" : [ 2026, 8, 18, 15, 23, 49 ],
      "updatedAt" : [ 2026, 8, 18, 15, 24, 56 ]
    },
    "v3Metadata" : {
      "annotations" : {
        "mta_id" : "mycapapp",
        "mta_version" : "1.0.0",
        "mta_module" : "{\"name\":\"mycapapp-db-deployer\"}",
        "mta_module_provided_dependencies" : "[]",
        "mta_bound_services" : "[\"mycapapp-db\"]"
      },
      "labels" : {
        "mta_id" : "8dddd39a7d59d9fa7a483d6583e9c929"
      }
    },
    "state" : "STOPPED",
    "lifecycle" : {
      "type" : "BUILDPACK",
      "data" : {
        "stack" : "cflinuxfs4",
        "buildpacks" : [ "nodejs_buildpack" ]
      }
    },
    "space" : {
      "name" : "dev",
      "metadata" : {
        "guid" : "b29d2292-6952-4f26-8288-4fbcf217a78e",
        "createdAt" : [ 2026, 7, 19, 17, 11, 41 ],
        "updatedAt" : [ 2026, 7, 19, 17, 11, 41 ]
      },
      "organization" : {
        "name" : "7552edf5trial",
        "metadata" : {
          "guid" : "f947dbd6-c83f-42a2-a7ec-4bf2f722d93b",
          "createdAt" : [ 2026, 7, 19, 17, 11, 40 ],
          "updatedAt" : [ 2026, 7, 19, 17, 11, 40 ]
        }
      }
    },
    "moduleName" : "mycapapp-db-deployer",
    "boundMtaServices" : [ "mycapapp-db" ],
    "providedDependencyNames" : [ ],
    "productizationState" : "LIVE"
  } ],
  "services" : [ {
    "name" : "mycapapp-db",
    "metadata" : {
      "guid" : "7db7db11-9c71-4c62-b4d2-8f69d9b09685",
      "createdAt" : [ 2026, 8, 18, 15, 23, 37 ],
      "updatedAt" : [ 2026, 8, 18, 15, 23, 38 ]
    },
    "v3Metadata" : {
      "annotations" : {
        "mta_id" : "mycapapp",
        "mta_version" : "1.0.0",
        "mta_resource" : "{\"name\":\"mycapapp-db\"}"
      },
      "labels" : {
        "mta_id" : "8dddd39a7d59d9fa7a483d6583e9c929"
      }
    },
    "label" : "hana",
    "plan" : "hdi-shared",
    "credentials" : "********",
    "tags" : [ ],
    "type" : "managed",
    "lastOperation" : {
      "type" : "CREATE",
      "state" : "SUCCEEDED"
    },
    "resourceName" : "mycapapp-db"
  }, {
    "name" : "********",
    "metadata" : {
      "guid" : "7356b0a4-2721-4e6b-9527-1522034e7592",
      "createdAt" : [ 2026, 8, 18, 15, 23, 37 ],
      "updatedAt" : [ 2026, 8, 18, 15, 23, 37 ]
    },
    "v3Metadata" : {
      "annotations" : {
        "mta_id" : "mycapapp",
        "mta_version" : "1.0.0",
        "mta_resource" : "********"
      },
      "labels" : {
        "mta_id" : "8dddd39a7d59d9fa7a483d6583e9c929"
      }
    },
    "label" : "xsuaa",
    "plan" : "application",
    "credentials" : "********",
    "tags" : [ ],
    "type" : "managed",
    "lastOperation" : {
      "type" : "CREATE",
      "description" : "",
      "state" : "SUCCEEDED"
    },
    "resourceName" : "********"
  } ]
}#
#2026 08 19 17:46:01.226#Z#INFO#d739ad82-9bf5-11f1-8315-eeee0a991ab8.OPERATION#flowable-async-job-executor-thread-309#
[DetectDeployedMtaStep] Detected deployed MTA with ID "mycapapp" and version "1.0.0"#
#2026 08 19 17:46:01.229#Z#DEBUG#d739ad82-9bf5-11f1-8315-eeee0a991ab8.OPERATION#flowable-async-job-executor-thread-309#
[DetectDeployedMtaStep] Detecting backup mta by id "mycapapp" and namespace "null"#
#2026 08 19 17:46:01.229#Z#DEBUG#d739ad82-9bf5-11f1-8315-eeee0a991ab8.OPERATION#flowable-async-job-executor-thread-309#
[DetectDeployedMtaStep] Getting applications by metadata label selector "mta_id=8dddd39a7d59d9fa7a483d6583e9c929,mta_namespace=b698114a0995e936895b9598a6c19a2c"...#
#2026 08 19 17:46:01.255#Z#DEBUG#d739ad82-9bf5-11f1-8315-eeee0a991ab8.OPERATION#flowable-async-job-executor-thread-309#
[DetectDeployedMtaStep] Getting service instances by metadata label selector "mta_id=8dddd39a7d59d9fa7a483d6583e9c929,mta_namespace=b698114a0995e936895b9598a6c19a2c"...#
#2026 08 19 17:46:01.310#Z#DEBUG#d739ad82-9bf5-11f1-8315-eeee0a991ab8.OPERATION#flowable-async-job-executor-thread-309#
[DetectDeployedMtaStep] Deployed MTA service keys: [ ]#
#2026 08 19 17:46:01.310#Z#DEBUG#d739ad82-9bf5-11f1-8315-eeee0a991ab8.OPERATION#flowable-async-job-executor-thread-309#
Step "Detect Deployed MTA" finished#
#2026 08 19 17:46:01.331#Z#DEBUG#d739ad82-9bf5-11f1-8315-eeee0a991ab8.OPERATION#flowable-async-job-executor-thread-310#
[XS2CollectSystemParametersStep] Executing task "collectSystemParametersTask" of process "d739d4b8-9bf5-11f1-8315-eeee0a991ab8"...#
#2026 08 19 17:46:01.331#Z#DEBUG#d739ad82-9bf5-11f1-8315-eeee0a991ab8.OPERATION#flowable-async-job-executor-thread-310#
[XS2CollectSystemParametersStep] Collecting system parameters...#
#2026 08 19 17:46:01.332#Z#DEBUG#d739ad82-9bf5-11f1-8315-eeee0a991ab8.OPERATION#flowable-async-job-executor-thread-310#
[XS2CollectSystemParametersStep] Getting default domain...#
#2026 08 19 17:46:01.359#Z#DEBUG#d739ad82-9bf5-11f1-8315-eeee0a991ab8.OPERATION#flowable-async-job-executor-thread-310#
[XS2CollectSystemParametersStep] Default domain: cfapps.us10-003.hana.ondemand.com#
#2026 08 19 17:46:01.359#Z#DEBUG#d739ad82-9bf5-11f1-8315-eeee0a991ab8.OPERATION#flowable-async-job-executor-thread-310#
[XS2CollectSystemParametersStep] Checking for overwriting read-only parameters for mta with id: "mycapapp"#
#2026 08 19 17:46:01.359#Z#DEBUG#d739ad82-9bf5-11f1-8315-eeee0a991ab8.OPERATION#flowable-async-job-executor-thread-310#
[XS2CollectSystemParametersStep] No read-only parameters are overwritten#
#2026 08 19 17:46:01.372#Z#DEBUG#d739ad82-9bf5-11f1-8315-eeee0a991ab8.OPERATION#flowable-async-job-executor-thread-310#
[XS2CollectSystemParametersStep] Descriptor with system parameters: {
  "majorSchemaVersion" : 3,
  "schemaVersion" : "3.3.0",
  "id" : "mycapapp",
  "version" : "1.0.0",
  "modules" : [ {
    "majorSchemaVersion" : 3,
    "name" : "mycapapp-ui",
    "type" : "javascript.nodejs",
    "path" : "mycapapp-ui",
    "properties" : { },
    "parameters" : {
      "default-url" : "${protocol}://${default-uri}",
      "default-app-name" : "mycapapp-ui",
      "generated-password" : "********",
      "default-live-url" : "${protocol}://${default-live-uri}",
      "default-uri" : "${host}.${domain}",
      "default-instances" : 1,
      "default-live-host" : "7552edf5trial-dev-mycapapp-ui",
      "instances" : 1,
      "buildpack" : "nodejs_buildpack",
      "default-host" : "7552edf5trial-dev-mycapapp-ui",
      "app-name" : "${default-app-name}",
      "default-live-uri" : "7552edf5trial-dev-mycapapp-ui.${domain}",
      "protocol" : "https",
      "default-live-app-name" : "mycapapp-ui",
      "default-live-domain" : "cfapps.us10-003.hana.ondemand.com",
      "domain" : "${default-domain}",
      "host" : "${default-host}",
      "generated-user" : "********"
    },
    "requiredDependencies" : [ {
      "majorSchemaVersion" : 3,
      "name" : "********",
      "properties" : { },
      "parameters" : { },
      "propertiesMetadata" : {
        "metadata" : { }
      },
      "parametersMetadata" : {
        "metadata" : { }
      }
    }, {
      "majorSchemaVersion" : 3,
      "name" : "srv-api",
      "group" : "destinations",
      "properties" : {
        "name" : "srv-api",
        "strictSSL" : true,
        "forwardauthToken" : "********",
        "url" : "~{srv-url}"
      },
      "parameters" : { },
      "propertiesMetadata" : {
        "metadata" : { }
      },
      "parametersMetadata" : {
        "metadata" : { }
      }
    } ],
    "providedDependencies" : [ {
      "majorSchemaVersion" : 3,
      "name" : "mycapapp-ui",
      "isPublic" : false,
      "properties" : { },
      "parameters" : { },
      "propertiesMetadata" : {
        "metadata" : { }
      },
      "parametersMetadata" : {
        "metadata" : { }
      }
    } ],
    "propertiesMetadata" : {
      "metadata" : { }
    },
    "parametersMetadata" : {
      "metadata" : { }
    },
    "hooks" : [ ]
  }, {
    "majorSchemaVersion" : 3,
    "name" : "mycapapp-srv",
    "type" : "javascript.nodejs",
    "path" : "mycapapp-srv",
    "properties" : { },
    "parameters" : {
      "default-url" : "${protocol}://${default-uri}",
      "default-app-name" : "mycapapp-srv",
      "generated-password" : "********",
      "default-live-url" : "${protocol}://${default-live-uri}",
      "default-uri" : "${host}.${domain}",
      "default-instances" : 1,
      "default-live-host" : "7552edf5trial-dev-mycapapp-srv",
      "instances" : 1,
      "buildpack" : "nodejs_buildpack",
      "default-host" : "7552edf5trial-dev-mycapapp-srv",
      "app-name" : "${default-app-name}",
      "default-live-uri" : "7552edf5trial-dev-mycapapp-srv.${domain}",
      "protocol" : "https",
      "default-live-app-name" : "mycapapp-srv",
      "default-live-domain" : "cfapps.us10-003.hana.ondemand.com",
      "domain" : "${default-domain}",
      "host" : "${default-host}",
      "generated-user" : "********"
    },
    "requiredDependencies" : [ {
      "majorSchemaVersion" : 3,
      "name" : "********",
      "properties" : { },
      "parameters" : { },
      "propertiesMetadata" : {
        "metadata" : { }
      },
      "parametersMetadata" : {
        "metadata" : { }
      }
    }, {
      "majorSchemaVersion" : 3,
      "name" : "mycapapp-db",
      "properties" : { },
      "parameters" : { },
      "propertiesMetadata" : {
        "metadata" : { }
      },
      "parametersMetadata" : {
        "metadata" : { }
      }
    } ],
    "providedDependencies" : [ {
      "majorSchemaVersion" : 3,
      "name" : "srv-api",
      "isPublic" : false,
      "properties" : {
        "srv-url" : "${default-url}"
      },
      "parameters" : { },
      "propertiesMetadata" : {
        "metadata" : { }
      },
      "parametersMetadata" : {
        "metadata" : { }
      }
    }, {
      "majorSchemaVersion" : 3,
      "name" : "mycapapp-srv",
      "isPublic" : false,
      "properties" : { },
      "parameters" : { },
      "propertiesMetadata" : {
        "metadata" : { }
      },
      "parametersMetadata" : {
        "metadata" : { }
      }
    } ],
    "propertiesMetadata" : {
      "metadata" : { }
    },
    "parametersMetadata" : {
      "metadata" : { }
    },
    "hooks" : [ ]
  }, {
    "majorSchemaVersion" : 3,
    "name" : "mycapapp-db-deployer",
    "type" : "com.sap.xs.hdi",
    "path" : "mycapapp-db-deployer",
    "properties" : {
      "EXIT" : 1
    },
    "parameters" : {
      "default-url" : "${protocol}://${default-uri}",
      "default-app-name" : "mycapapp-db-deployer",
      "generated-password" : "********",
      "default-live-url" : "${protocol}://${default-live-uri}",
      "default-uri" : "${host}.${domain}",
      "memory" : "256M",
      "default-instances" : 1,
      "no-route" : true,
      "default-live-host" : "7552edf5trial-dev-mycapapp-db-deployer",
      "instances" : "${default-instances}",
      "buildpack" : "nodejs_buildpack",
      "default-host" : "7552edf5trial-dev-mycapapp-db-deployer",
      "app-name" : "${default-app-name}",
      "default-live-uri" : "7552edf5trial-dev-mycapapp-db-deployer.${domain}",
      "protocol" : "https",
      "default-live-app-name" : "mycapapp-db-deployer",
      "default-live-domain" : "cfapps.us10-003.hana.ondemand.com",
      "dependency-type" : "hard",
      "domain" : "${default-domain}",
      "host" : "${default-host}",
      "generated-user" : "********",
      "tasks" : [ {
        "name" : "deploy",
        "memory" : "256M",
        "command" : "npm start"
      } ],
      "no-start" : true
    },
    "requiredDependencies" : [ {
      "majorSchemaVersion" : 3,
      "name" : "mycapapp-db",
      "properties" : { },
      "parameters" : { },
      "propertiesMetadata" : {
        "metadata" : { }
      },
      "parametersMetadata" : {
        "metadata" : { }
      }
    } ],
    "providedDependencies" : [ {
      "majorSchemaVersion" : 3,
      "name" : "mycapapp-db-deployer",
      "isPublic" : false,
      "properties" : { },
      "parameters" : { },
      "propertiesMetadata" : {
        "metadata" : { }
      },
      "parametersMetadata" : {
        "metadata" : { }
      }
    } ],
    "propertiesMetadata" : {
      "metadata" : { }
    },
    "parametersMetadata" : {
      "metadata" : { }
    },
    "hooks" : [ ]
  } ],
  "resources" : [ {
    "majorSchemaVersion" : 3,
    "name" : "********",
    "type" : "org.cloudfoundry.managed-service",
    "properties" : { },
    "parameters" : {
      "generated-password" : "********",
      "path" : "./xs-security.json",
      "service-name" : "${default-service-name}",
      "service-plan" : "application",
      "service" : "xsuaa",
      "generated-user" : "********",
      "default-xsappname" : "********",
      "type" : "managed-service",
      "config" : {
        "oauth2-configuration" : "********",
        "tenant-mode" : "dedicated",
        "xsappname" : "mycapapp-${org}-${space}"
      },
      "default-service-name" : "********",
      "default-container-name" : "********"
    },
    "isActive" : true,
    "isOptional" : false,
    "propertiesMetadata" : {
      "metadata" : { }
    },
    "parametersMetadata" : {
      "metadata" : { }
    },
    "requiredDependencies" : [ ],
    "processedAfter" : [ ]
  }, {
    "majorSchemaVersion" : 3,
    "name" : "mycapapp-db",
    "type" : "com.sap.xs.hdi-container",
    "properties" : { },
    "parameters" : {
      "generated-password" : "********",
      "service-name" : "${default-service-name}",
      "service-plan" : "hdi-shared",
      "service" : "hana",
      "generated-user" : "********",
      "default-xsappname" : "mycapapp-db",
      "type" : "managed-service",
      "default-service-name" : "mycapapp-db",
      "default-container-name" : "7552EDF5TRIAL_DEV_MYCAPAPP_DB"
    },
    "isActive" : true,
    "isOptional" : false,
    "propertiesMetadata" : {
      "metadata" : { }
    },
    "parametersMetadata" : {
      "metadata" : { }
    },
    "requiredDependencies" : [ ],
    "processedAfter" : [ ]
  } ],
  "parameters" : {
    "mta-id" : "mycapapp",
    "authorization-url" : "********",
    "org-guid" : "f947dbd6-c83f-42a2-a7ec-4bf2f722d93b",
    "org" : "7552edf5trial",
    "deploy-target" : "7552edf5trial dev",
    "enable-parallel-deployments" : true,
    "space" : "dev",
    "xs-api-url" : "https://api.cf.us10-003.hana.ondemand.com",
    "deploy-url" : "deploy-service.cfapps.us10-003.hana.ondemand.com",
    "xs-type" : "CF",
    "default-domain" : "cfapps.us10-003.hana.ondemand.com",
    "mta-version" : "1.0.0",
    "xs-auth-url" : "********",
    "space-guid" : "b29d2292-6952-4f26-8288-4fbcf217a78e",
    "user" : "********",
    "controller-url" : "https://api.cf.us10-003.hana.ondemand.com",
    "timestamp" : "20260819174600"
  },
  "parametersMetadata" : {
    "metadata" : { }
  }
}#
#2026 08 19 17:46:01.373#Z#DEBUG#d739ad82-9bf5-11f1-8315-eeee0a991ab8.OPERATION#flowable-async-job-executor-thread-310#
[XS2CollectSystemParametersStep] Version rule: SAME_HIGHER#
#2026 08 19 17:46:01.373#Z#INFO#d739ad82-9bf5-11f1-8315-eeee0a991ab8.OPERATION#flowable-async-job-executor-thread-310#
[XS2CollectSystemParametersStep] Detected new MTA version: "1.0.0"#
#2026 08 19 17:46:01.376#Z#INFO#d739ad82-9bf5-11f1-8315-eeee0a991ab8.OPERATION#flowable-async-job-executor-thread-310#
[XS2CollectSystemParametersStep] Deployed MTA version: "1.0.0"#
#2026 08 19 17:46:01.379#Z#DEBUG#d739ad82-9bf5-11f1-8315-eeee0a991ab8.OPERATION#flowable-async-job-executor-thread-310#
[XS2CollectSystemParametersStep] MTA accepted for deployment#
#2026 08 19 17:46:01.379#Z#DEBUG#d739ad82-9bf5-11f1-8315-eeee0a991ab8.OPERATION#flowable-async-job-executor-thread-310#
[XS2CollectSystemParametersStep] System parameters collected#
#2026 08 19 17:46:01.379#Z#DEBUG#d739ad82-9bf5-11f1-8315-eeee0a991ab8.OPERATION#flowable-async-job-executor-thread-310#
Step "Collect System Parameters" finished#
#2026 08 19 17:46:01.399#Z#DEBUG#d739ad82-9bf5-11f1-8315-eeee0a991ab8.OPERATION#flowable-async-job-executor-thread-303#
[ProcessDescriptorStep] Executing task "processDescriptorTask" of process "d739d4b8-9bf5-11f1-8315-eeee0a991ab8"...#
#2026 08 19 17:46:01.399#Z#DEBUG#d739ad82-9bf5-11f1-8315-eeee0a991ab8.OPERATION#flowable-async-job-executor-thread-303#
[ProcessDescriptorStep] Resolving properties and parameters in merged descriptor...#
#2026 08 19 17:46:01.402#Z#DEBUG#d739ad82-9bf5-11f1-8315-eeee0a991ab8.OPERATION#flowable-async-job-executor-thread-303#
[ProcessDescriptorStep] Subscriptions: [ ]#
#2026 08 19 17:46:01.403#Z#DEBUG#d739ad82-9bf5-11f1-8315-eeee0a991ab8.OPERATION#flowable-async-job-executor-thread-303#
[ProcessDescriptorStep] MTA modules: [mycapapp-srv, mycapapp-ui, mycapapp-db-deployer]#
#2026 08 19 17:46:01.404#Z#DEBUG#d739ad82-9bf5-11f1-8315-eeee0a991ab8.OPERATION#flowable-async-job-executor-thread-303#
[ProcessDescriptorStep] Resolved deployment descriptor: {
  "majorSchemaVersion" : 3,
  "schemaVersion" : "3.3.0",
  "id" : "mycapapp",
  "version" : "1.0.0",
  "modules" : [ {
    "majorSchemaVersion" : 3,
    "name" : "mycapapp-ui",
    "type" : "javascript.nodejs",
    "path" : "mycapapp-ui",
    "properties" : { },
    "parameters" : {
      "default-url" : "https://7552edf5trial-dev-mycapapp-ui.cfapps.us10-003.hana.ondemand.com",
      "default-app-name" : "mycapapp-ui",
      "generated-password" : "********",
      "default-live-url" : "https://7552edf5trial-dev-mycapapp-ui.cfapps.us10-003.hana.ondemand.com",
      "default-uri" : "7552edf5trial-dev-mycapapp-ui.cfapps.us10-003.hana.ondemand.com",
      "default-instances" : 1,
      "default-live-host" : "7552edf5trial-dev-mycapapp-ui",
      "instances" : 1,
      "buildpack" : "nodejs_buildpack",
      "default-host" : "7552edf5trial-dev-mycapapp-ui",
      "app-name" : "mycapapp-ui",
      "default-live-uri" : "7552edf5trial-dev-mycapapp-ui.cfapps.us10-003.hana.ondemand.com",
      "protocol" : "https",
      "default-live-app-name" : "mycapapp-ui",
      "default-live-domain" : "cfapps.us10-003.hana.ondemand.com",
      "domain" : "cfapps.us10-003.hana.ondemand.com",
      "host" : "7552edf5trial-dev-mycapapp-ui",
      "generated-user" : "********"
    },
    "requiredDependencies" : [ {
      "majorSchemaVersion" : 3,
      "name" : "********",
      "properties" : { },
      "parameters" : { },
      "propertiesMetadata" : {
        "metadata" : { }
      },
      "parametersMetadata" : {
        "metadata" : { }
      }
    }, {
      "majorSchemaVersion" : 3,
      "name" : "srv-api",
      "group" : "destinations",
      "properties" : {
        "name" : "srv-api",
        "strictSSL" : true,
        "forwardauthToken" : "********",
        "url" : "https://7552edf5trial-dev-mycapapp-srv.cfapps.us10-003.hana.ondemand.com"
      },
      "parameters" : { },
      "propertiesMetadata" : {
        "metadata" : { }
      },
      "parametersMetadata" : {
        "metadata" : { }
      }
    } ],
    "providedDependencies" : [ {
      "majorSchemaVersion" : 3,
      "name" : "mycapapp-ui",
      "isPublic" : false,
      "properties" : { },
      "parameters" : { },
      "propertiesMetadata" : {
        "metadata" : { }
      },
      "parametersMetadata" : {
        "metadata" : { }
      }
    } ],
    "propertiesMetadata" : {
      "metadata" : { }
    },
    "parametersMetadata" : {
      "metadata" : { }
    },
    "hooks" : [ ]
  }, {
    "majorSchemaVersion" : 3,
    "name" : "mycapapp-srv",
    "type" : "javascript.nodejs",
    "path" : "mycapapp-srv",
    "properties" : { },
    "parameters" : {
      "default-url" : "https://7552edf5trial-dev-mycapapp-srv.cfapps.us10-003.hana.ondemand.com",
      "default-app-name" : "mycapapp-srv",
      "generated-password" : "********",
      "default-live-url" : "https://7552edf5trial-dev-mycapapp-srv.cfapps.us10-003.hana.ondemand.com",
      "default-uri" : "7552edf5trial-dev-mycapapp-srv.cfapps.us10-003.hana.ondemand.com",
      "default-instances" : 1,
      "default-live-host" : "7552edf5trial-dev-mycapapp-srv",
      "instances" : 1,
      "buildpack" : "nodejs_buildpack",
      "default-host" : "7552edf5trial-dev-mycapapp-srv",
      "app-name" : "mycapapp-srv",
      "default-live-uri" : "7552edf5trial-dev-mycapapp-srv.cfapps.us10-003.hana.ondemand.com",
      "protocol" : "https",
      "default-live-app-name" : "mycapapp-srv",
      "default-live-domain" : "cfapps.us10-003.hana.ondemand.com",
      "domain" : "cfapps.us10-003.hana.ondemand.com",
      "host" : "7552edf5trial-dev-mycapapp-srv",
      "generated-user" : "********"
    },
    "requiredDependencies" : [ {
      "majorSchemaVersion" : 3,
      "name" : "********",
      "properties" : { },
      "parameters" : { },
      "propertiesMetadata" : {
        "metadata" : { }
      },
      "parametersMetadata" : {
        "metadata" : { }
      }
    }, {
      "majorSchemaVersion" : 3,
      "name" : "mycapapp-db",
      "properties" : { },
      "parameters" : { },
      "propertiesMetadata" : {
        "metadata" : { }
      },
      "parametersMetadata" : {
        "metadata" : { }
      }
    } ],
    "providedDependencies" : [ {
      "majorSchemaVersion" : 3,
      "name" : "srv-api",
      "isPublic" : false,
      "properties" : {
        "srv-url" : "https://7552edf5trial-dev-mycapapp-srv.cfapps.us10-003.hana.ondemand.com"
      },
      "parameters" : { },
      "propertiesMetadata" : {
        "metadata" : { }
      },
      "parametersMetadata" : {
        "metadata" : { }
      }
    }, {
      "majorSchemaVersion" : 3,
      "name" : "mycapapp-srv",
      "isPublic" : false,
      "properties" : { },
      "parameters" : { },
      "propertiesMetadata" : {
        "metadata" : { }
      },
      "parametersMetadata" : {
        "metadata" : { }
      }
    } ],
    "propertiesMetadata" : {
      "metadata" : { }
    },
    "parametersMetadata" : {
      "metadata" : { }
    },
    "hooks" : [ ]
  }, {
    "majorSchemaVersion" : 3,
    "name" : "mycapapp-db-deployer",
    "type" : "com.sap.xs.hdi",
    "path" : "mycapapp-db-deployer",
    "properties" : {
      "EXIT" : 1
    },
    "parameters" : {
      "default-url" : "https://7552edf5trial-dev-mycapapp-db-deployer.cfapps.us10-003.hana.ondemand.com",
      "default-app-name" : "mycapapp-db-deployer",
      "generated-password" : "********",
      "default-live-url" : "https://7552edf5trial-dev-mycapapp-db-deployer.cfapps.us10-003.hana.ondemand.com",
      "default-uri" : "7552edf5trial-dev-mycapapp-db-deployer.cfapps.us10-003.hana.ondemand.com",
      "memory" : "256M",
      "default-instances" : 1,
      "no-route" : true,
      "default-live-host" : "7552edf5trial-dev-mycapapp-db-deployer",
      "instances" : 1,
      "buildpack" : "nodejs_buildpack",
      "default-host" : "7552edf5trial-dev-mycapapp-db-deployer",
      "app-name" : "mycapapp-db-deployer",
      "default-live-uri" : "7552edf5trial-dev-mycapapp-db-deployer.cfapps.us10-003.hana.ondemand.com",
      "protocol" : "https",
      "default-live-app-name" : "mycapapp-db-deployer",
      "default-live-domain" : "cfapps.us10-003.hana.ondemand.com",
      "dependency-type" : "hard",
      "domain" : "cfapps.us10-003.hana.ondemand.com",
      "host" : "7552edf5trial-dev-mycapapp-db-deployer",
      "generated-user" : "********",
      "tasks" : [ {
        "command" : "npm start",
        "memory" : "256M",
        "name" : "deploy"
      } ],
      "no-start" : true
    },
    "requiredDependencies" : [ {
      "majorSchemaVersion" : 3,
      "name" : "mycapapp-db",
      "properties" : { },
      "parameters" : { },
      "propertiesMetadata" : {
        "metadata" : { }
      },
      "parametersMetadata" : {
        "metadata" : { }
      }
    } ],
    "providedDependencies" : [ {
      "majorSchemaVersion" : 3,
      "name" : "mycapapp-db-deployer",
      "isPublic" : false,
      "properties" : { },
      "parameters" : { },
      "propertiesMetadata" : {
        "metadata" : { }
      },
      "parametersMetadata" : {
        "metadata" : { }
      }
    } ],
    "propertiesMetadata" : {
      "metadata" : { }
    },
    "parametersMetadata" : {
      "metadata" : { }
    },
    "hooks" : [ ]
  } ],
  "resources" : [ {
    "majorSchemaVersion" : 3,
    "name" : "********",
    "type" : "org.cloudfoundry.managed-service",
    "properties" : { },
    "parameters" : {
      "generated-password" : "********",
      "path" : "./xs-security.json",
      "service-name" : "********",
      "service-plan" : "application",
      "service" : "xsuaa",
      "generated-user" : "********",
      "default-xsappname" : "********",
      "type" : "managed-service",
      "config" : {
        "oauth2-configuration" : "********",
        "tenant-mode" : "dedicated",
        "xsappname" : "mycapapp-7552edf5trial-dev"
      },
      "default-service-name" : "********",
      "default-container-name" : "********"
    },
    "isActive" : true,
    "isOptional" : false,
    "propertiesMetadata" : {
      "metadata" : { }
    },
    "parametersMetadata" : {
      "metadata" : { }
    },
    "requiredDependencies" : [ ],
    "processedAfter" : [ ]
  }, {
    "majorSchemaVersion" : 3,
    "name" : "mycapapp-db",
    "type" : "com.sap.xs.hdi-container",
    "properties" : { },
    "parameters" : {
      "generated-password" : "********",
      "service-name" : "mycapapp-db",
      "service-plan" : "hdi-shared",
      "service" : "hana",
      "generated-user" : "********",
      "default-xsappname" : "mycapapp-db",
      "type" : "managed-service",
      "default-service-name" : "mycapapp-db",
      "default-container-name" : "7552EDF5TRIAL_DEV_MYCAPAPP_DB"
    },
    "isActive" : true,
    "isOptional" : false,
    "propertiesMetadata" : {
      "metadata" : { }
    },
    "parametersMetadata" : {
      "metadata" : { }
    },
    "requiredDependencies" : [ ],
    "processedAfter" : [ ]
  } ],
  "parameters" : {
    "mta-id" : "mycapapp",
    "authorization-url" : "********",
    "org-guid" : "f947dbd6-c83f-42a2-a7ec-4bf2f722d93b",
    "org" : "7552edf5trial",
    "deploy-target" : "7552edf5trial dev",
    "enable-parallel-deployments" : true,
    "region-primary-domain" : "us10.hana.ondemand.com",
    "space" : "dev",
    "region-domain" : "us10-003.hana.ondemand.com",
    "xs-api-url" : "https://api.cf.us10-003.hana.ondemand.com",
    "deploy-url" : "deploy-service.cfapps.us10-003.hana.ondemand.com",
    "xs-type" : "CF",
    "default-domain" : "cfapps.us10-003.hana.ondemand.com",
    "mta-version" : "1.0.0",
    "xs-auth-url" : "********",
    "space-guid" : "b29d2292-6952-4f26-8288-4fbcf217a78e",
    "user" : "********",
    "controller-url" : "https://api.cf.us10-003.hana.ondemand.com",
    "timestamp" : "20260819174600"
  },
  "parametersMetadata" : {
    "metadata" : { }
  }
}#
#2026 08 19 17:46:01.404#Z#DEBUG#d739ad82-9bf5-11f1-8315-eeee0a991ab8.OPERATION#flowable-async-job-executor-thread-303#
[ProcessDescriptorStep] Merged descriptor properties and parameters resolved#
#2026 08 19 17:46:01.404#Z#DEBUG#d739ad82-9bf5-11f1-8315-eeee0a991ab8.OPERATION#flowable-async-job-executor-thread-303#
Step "Process Descriptor Step" finished#
#2026 08 19 17:46:01.427#Z#DEBUG#d739ad82-9bf5-11f1-8315-eeee0a991ab8.OPERATION#flowable-async-job-executor-thread-304#
[XS2BuildCloudDeployModelStep] Executing task "buildDeployModelTask" of process "d739d4b8-9bf5-11f1-8315-eeee0a991ab8"...#
#2026 08 19 17:46:01.428#Z#DEBUG#d739ad82-9bf5-11f1-8315-eeee0a991ab8.OPERATION#flowable-async-job-executor-thread-304#
[XS2BuildCloudDeployModelStep] Service keys defined for content deployment grouped by service name: { }#
#2026 08 19 17:46:01.429#Z#DEBUG#d739ad82-9bf5-11f1-8315-eeee0a991ab8.OPERATION#flowable-async-job-executor-thread-304#
[XS2BuildCloudDeployModelStep] Building cloud deployment model...#
#2026 08 19 17:46:01.430#Z#DEBUG#d739ad82-9bf5-11f1-8315-eeee0a991ab8.OPERATION#flowable-async-job-executor-thread-304#
[XS2BuildCloudDeployModelStep] MTA archive modules: [mycapapp-srv, mycapapp-ui, mycapapp-db-deployer]#
#2026 08 19 17:46:01.430#Z#DEBUG#d739ad82-9bf5-11f1-8315-eeee0a991ab8.OPERATION#flowable-async-job-executor-thread-304#
[XS2BuildCloudDeployModelStep] Deployed modules: [mycapapp-db-deployer, mycapapp-srv]#
#2026 08 19 17:46:01.430#Z#DEBUG#d739ad82-9bf5-11f1-8315-eeee0a991ab8.OPERATION#flowable-async-job-executor-thread-304#
[XS2BuildCloudDeployModelStep] MTA modules: [mycapapp-srv, mycapapp-ui, mycapapp-db-deployer]#
#2026 08 19 17:46:01.431#Z#DEBUG#d739ad82-9bf5-11f1-8315-eeee0a991ab8.OPERATION#flowable-async-job-executor-thread-304#
[XS2BuildCloudDeployModelStep] Service keys to create: {
  "mycapapp-auth" : "********",
  "mycapapp-db" : [ ]
}#
#2026 08 19 17:46:01.431#Z#DEBUG#d739ad82-9bf5-11f1-8315-eeee0a991ab8.OPERATION#flowable-async-job-executor-thread-304#
[XS2BuildCloudDeployModelStep] Modules to deploy: [{
  "majorSchemaVersion" : 3,
  "name" : "mycapapp-ui",
  "type" : "javascript.nodejs",
  "path" : "mycapapp-ui",
  "properties" : { },
  "parameters" : {
    "default-url" : "https://7552edf5trial-dev-mycapapp-ui.cfapps.us10-003.hana.ondemand.com",
    "default-app-name" : "mycapapp-ui",
    "generated-password" : "********",
    "default-live-url" : "https://7552edf5trial-dev-mycapapp-ui.cfapps.us10-003.hana.ondemand.com",
    "default-uri" : "7552edf5trial-dev-mycapapp-ui.cfapps.us10-003.hana.ondemand.com",
    "default-instances" : 1,
    "default-live-host" : "7552edf5trial-dev-mycapapp-ui",
    "instances" : 1,
    "buildpack" : "nodejs_buildpack",
    "default-host" : "7552edf5trial-dev-mycapapp-ui",
    "app-name" : "mycapapp-ui",
    "default-live-uri" : "7552edf5trial-dev-mycapapp-ui.cfapps.us10-003.hana.ondemand.com",
    "protocol" : "https",
    "default-live-app-name" : "mycapapp-ui",
    "default-live-domain" : "cfapps.us10-003.hana.ondemand.com",
    "dependency-type" : "soft",
    "domain" : "cfapps.us10-003.hana.ondemand.com",
    "host" : "7552edf5trial-dev-mycapapp-ui",
    "generated-user" : "********"
  },
  "requiredDependencies" : [ {
    "majorSchemaVersion" : 3,
    "name" : "********",
    "properties" : { },
    "parameters" : { },
    "propertiesMetadata" : {
      "metadata" : { }
    },
    "parametersMetadata" : {
      "metadata" : { }
    }
  }, {
    "majorSchemaVersion" : 3,
    "name" : "srv-api",
    "group" : "destinations",
    "properties" : {
      "name" : "srv-api",
      "strictSSL" : true,
      "forwardauthToken" : "********",
      "url" : "https://7552edf5trial-dev-mycapapp-srv.cfapps.us10-003.hana.ondemand.com"
    },
    "parameters" : { },
    "propertiesMetadata" : {
      "metadata" : { }
    },
    "parametersMetadata" : {
      "metadata" : { }
    }
  } ],
  "providedDependencies" : [ {
    "majorSchemaVersion" : 3,
    "name" : "mycapapp-ui",
    "isPublic" : false,
    "properties" : { },
    "parameters" : { },
    "propertiesMetadata" : {
      "metadata" : { }
    },
    "parametersMetadata" : {
      "metadata" : { }
    }
  } ],
  "propertiesMetadata" : {
    "metadata" : { }
  },
  "parametersMetadata" : {
    "metadata" : { }
  },
  "deployedAfter" : [ ],
  "hooks" : [ ]
}, {
  "majorSchemaVersion" : 3,
  "name" : "mycapapp-srv",
  "type" : "javascript.nodejs",
  "path" : "mycapapp-srv",
  "properties" : { },
  "parameters" : {
    "default-url" : "https://7552edf5trial-dev-mycapapp-srv.cfapps.us10-003.hana.ondemand.com",
    "default-app-name" : "mycapapp-srv",
    "generated-password" : "********",
    "default-live-url" : "https://7552edf5trial-dev-mycapapp-srv.cfapps.us10-003.hana.ondemand.com",
    "default-uri" : "7552edf5trial-dev-mycapapp-srv.cfapps.us10-003.hana.ondemand.com",
    "default-instances" : 1,
    "default-live-host" : "7552edf5trial-dev-mycapapp-srv",
    "instances" : 1,
    "buildpack" : "nodejs_buildpack",
    "default-host" : "7552edf5trial-dev-mycapapp-srv",
    "app-name" : "mycapapp-srv",
    "default-live-uri" : "7552edf5trial-dev-mycapapp-srv.cfapps.us10-003.hana.ondemand.com",
    "protocol" : "https",
    "default-live-app-name" : "mycapapp-srv",
    "default-live-domain" : "cfapps.us10-003.hana.ondemand.com",
    "dependency-type" : "soft",
    "domain" : "cfapps.us10-003.hana.ondemand.com",
    "host" : "7552edf5trial-dev-mycapapp-srv",
    "generated-user" : "********"
  },
  "requiredDependencies" : [ {
    "majorSchemaVersion" : 3,
    "name" : "********",
    "properties" : { },
    "parameters" : { },
    "propertiesMetadata" : {
      "metadata" : { }
    },
    "parametersMetadata" : {
      "metadata" : { }
    }
  }, {
    "majorSchemaVersion" : 3,
    "name" : "mycapapp-db",
    "properties" : { },
    "parameters" : { },
    "propertiesMetadata" : {
      "metadata" : { }
    },
    "parametersMetadata" : {
      "metadata" : { }
    }
  } ],
  "providedDependencies" : [ {
    "majorSchemaVersion" : 3,
    "name" : "srv-api",
    "isPublic" : false,
    "properties" : {
      "srv-url" : "https://7552edf5trial-dev-mycapapp-srv.cfapps.us10-003.hana.ondemand.com"
    },
    "parameters" : { },
    "propertiesMetadata" : {
      "metadata" : { }
    },
    "parametersMetadata" : {
      "metadata" : { }
    }
  }, {
    "majorSchemaVersion" : 3,
    "name" : "mycapapp-srv",
    "isPublic" : false,
    "properties" : { },
    "parameters" : { },
    "propertiesMetadata" : {
      "metadata" : { }
    },
    "parametersMetadata" : {
      "metadata" : { }
    }
  } ],
  "propertiesMetadata" : {
    "metadata" : { }
  },
  "parametersMetadata" : {
    "metadata" : { }
  },
  "deployedAfter" : [ ],
  "hooks" : [ ]
}, {
  "majorSchemaVersion" : 3,
  "name" : "mycapapp-db-deployer",
  "type" : "com.sap.xs.hdi",
  "path" : "mycapapp-db-deployer",
  "properties" : {
    "EXIT" : 1
  },
  "parameters" : {
    "default-url" : "https://7552edf5trial-dev-mycapapp-db-deployer.cfapps.us10-003.hana.ondemand.com",
    "default-app-name" : "mycapapp-db-deployer",
    "generated-password" : "********",
    "default-live-url" : "https://7552edf5trial-dev-mycapapp-db-deployer.cfapps.us10-003.hana.ondemand.com",
    "default-uri" : "7552edf5trial-dev-mycapapp-db-deployer.cfapps.us10-003.hana.ondemand.com",
    "memory" : "256M",
    "default-instances" : 1,
    "no-route" : true,
    "default-live-host" : "7552edf5trial-dev-mycapapp-db-deployer",
    "instances" : 1,
    "buildpack" : "nodejs_buildpack",
    "default-host" : "7552edf5trial-dev-mycapapp-db-deployer",
    "app-name" : "mycapapp-db-deployer",
    "default-live-uri" : "7552edf5trial-dev-mycapapp-db-deployer.cfapps.us10-003.hana.ondemand.com",
    "protocol" : "https",
    "default-live-app-name" : "mycapapp-db-deployer",
    "default-live-domain" : "cfapps.us10-003.hana.ondemand.com",
    "dependency-type" : "hard",
    "domain" : "cfapps.us10-003.hana.ondemand.com",
    "host" : "7552edf5trial-dev-mycapapp-db-deployer",
    "generated-user" : "********",
    "tasks" : [ {
      "command" : "npm start",
      "memory" : "256M",
      "name" : "deploy"
    } ],
    "no-start" : true
  },
  "requiredDependencies" : [ {
    "majorSchemaVersion" : 3,
    "name" : "mycapapp-db",
    "properties" : { },
    "parameters" : { },
    "propertiesMetadata" : {
      "metadata" : { }
    },
    "parametersMetadata" : {
      "metadata" : { }
    }
  } ],
  "providedDependencies" : [ {
    "majorSchemaVersion" : 3,
    "name" : "mycapapp-db-deployer",
    "isPublic" : false,
    "properties" : { },
    "parameters" : { },
    "propertiesMetadata" : {
      "metadata" : { }
    },
    "parametersMetadata" : {
      "metadata" : { }
    }
  } ],
  "propertiesMetadata" : {
    "metadata" : { }
  },
  "parametersMetadata" : {
    "metadata" : { }
  },
  "deployedAfter" : [ ],
  "hooks" : [ ]
}]#
#2026 08 19 17:46:01.432#Z#DEBUG#d739ad82-9bf5-11f1-8315-eeee0a991ab8.OPERATION#flowable-async-job-executor-thread-304#
[XS2BuildCloudDeployModelStep] Custom domains: []#
#2026 08 19 17:46:01.435#Z#DEBUG#d739ad82-9bf5-11f1-8315-eeee0a991ab8.OPERATION#flowable-async-job-executor-thread-304#
[XS2BuildCloudDeployModelStep] Calculating resource batches...#
#2026 08 19 17:46:01.435#Z#DEBUG#d739ad82-9bf5-11f1-8315-eeee0a991ab8.OPERATION#flowable-async-job-executor-thread-304#
[XS2BuildCloudDeployModelStep] Calculating resource batches completed.#
#2026 08 19 17:46:01.435#Z#DEBUG#d739ad82-9bf5-11f1-8315-eeee0a991ab8.OPERATION#flowable-async-job-executor-thread-304#
[XS2BuildCloudDeployModelStep] Cloud deployment model built#
#2026 08 19 17:46:01.435#Z#DEBUG#d739ad82-9bf5-11f1-8315-eeee0a991ab8.OPERATION#flowable-async-job-executor-thread-304#
Step "Build Deploy Model" finished#
#2026 08 19 17:46:01.462#Z#DEBUG#d739ad82-9bf5-11f1-8315-eeee0a991ab8.OPERATION#flowable-async-job-executor-thread-305#
[BuildCloudUndeployModelStep] Executing task "buildUndeployModelTask" of process "d739d4b8-9bf5-11f1-8315-eeee0a991ab8"...#
#2026 08 19 17:46:01.462#Z#DEBUG#d739ad82-9bf5-11f1-8315-eeee0a991ab8.OPERATION#flowable-async-job-executor-thread-305#
[BuildCloudUndeployModelStep] Building cloud undeployment model...#
#2026 08 19 17:46:01.464#Z#DEBUG#d739ad82-9bf5-11f1-8315-eeee0a991ab8.OPERATION#flowable-async-job-executor-thread-305#
[BuildCloudUndeployModelStep] Detecting service keys to delete.#
#2026 08 19 17:46:01.464#Z#DEBUG#d739ad82-9bf5-11f1-8315-eeee0a991ab8.OPERATION#flowable-async-job-executor-thread-305#
[BuildCloudUndeployModelStep] No deployed service keys detected!#
#2026 08 19 17:46:01.464#Z#DEBUG#d739ad82-9bf5-11f1-8315-eeee0a991ab8.OPERATION#flowable-async-job-executor-thread-305#
[BuildCloudUndeployModelStep] Detected service keys to delete "[]"#
#2026 08 19 17:46:01.466#Z#DEBUG#d739ad82-9bf5-11f1-8315-eeee0a991ab8.OPERATION#flowable-async-job-executor-thread-305#
[BuildCloudUndeployModelStep] MTA modules: [mycapapp-srv, mycapapp-ui, mycapapp-db-deployer]#
#2026 08 19 17:46:01.466#Z#DEBUG#d739ad82-9bf5-11f1-8315-eeee0a991ab8.OPERATION#flowable-async-job-executor-thread-305#
[BuildCloudUndeployModelStep] Modules to undeploy: [ ]#
#2026 08 19 17:46:01.466#Z#DEBUG#d739ad82-9bf5-11f1-8315-eeee0a991ab8.OPERATION#flowable-async-job-executor-thread-305#
[BuildCloudUndeployModelStep] Modules that won't be changed: [ ]#
#2026 08 19 17:46:01.467#Z#DEBUG#d739ad82-9bf5-11f1-8315-eeee0a991ab8.OPERATION#flowable-async-job-executor-thread-305#
[BuildCloudUndeployModelStep] Subscriptions to delete: [ ]#
#2026 08 19 17:46:01.468#Z#DEBUG#d739ad82-9bf5-11f1-8315-eeee0a991ab8.OPERATION#flowable-async-job-executor-thread-305#
[BuildCloudUndeployModelStep] Cloud services to delete: []#
#2026 08 19 17:46:01.469#Z#DEBUG#d739ad82-9bf5-11f1-8315-eeee0a991ab8.OPERATION#flowable-async-job-executor-thread-305#
[BuildCloudUndeployModelStep] Cloud applications to undeploy: [ ]#
#2026 08 19 17:46:01.470#Z#DEBUG#d739ad82-9bf5-11f1-8315-eeee0a991ab8.OPERATION#flowable-async-job-executor-thread-305#
[BuildCloudUndeployModelStep] Cloud undeployment model built#
#2026 08 19 17:46:01.470#Z#DEBUG#d739ad82-9bf5-11f1-8315-eeee0a991ab8.OPERATION#flowable-async-job-executor-thread-305#
Step "Build Undeploy Model" finished#
#2026 08 19 17:46:01.488#Z#DEBUG#d739ad82-9bf5-11f1-8315-eeee0a991ab8.OPERATION#flowable-async-job-executor-thread-305#
[AddDomainsStep] Executing task "addDomainsTask" of process "d739d4b8-9bf5-11f1-8315-eeee0a991ab8"...#
#2026 08 19 17:46:01.489#Z#DEBUG#d739ad82-9bf5-11f1-8315-eeee0a991ab8.OPERATION#flowable-async-job-executor-thread-305#
[AddDomainsStep] Custom domains: []#
#2026 08 19 17:46:01.489#Z#DEBUG#d739ad82-9bf5-11f1-8315-eeee0a991ab8.OPERATION#flowable-async-job-executor-thread-305#
Step "Add Domains" finished#
#2026 08 19 17:46:01.566#Z#DEBUG#d739ad82-9bf5-11f1-8315-eeee0a991ab8.OPERATION#flowable-async-job-executor-thread-308#
[ExtractBatchedServicesWithResolvedDynamicParametersStep] Executing task "prepareModulesDeploymentTask" of process "d7cfac24-9bf5-11f1-8315-eeee0a991ab8"...#
#2026 08 19 17:46:01.567#Z#DEBUG#d739ad82-9bf5-11f1-8315-eeee0a991ab8.OPERATION#flowable-async-job-executor-thread-308#
[ExtractBatchedServicesWithResolvedDynamicParametersStep] Extracting services and resolving dynamic parameters from batch#
#2026 08 19 17:46:01.568#Z#DEBUG#d739ad82-9bf5-11f1-8315-eeee0a991ab8.OPERATION#flowable-async-job-executor-thread-308#
[ExtractBatchedServicesWithResolvedDynamicParametersStep] Services to create: [ {
  "isOptional" : false,
  "isManaged" : true,
  "name" : "********",
  "v3Metadata" : {
    "annotations" : {
      "mta_id" : "mycapapp",
      "mta_version" : "1.0.0",
      "mta_resource" : "********"
    },
    "labels" : {
      "mta_id" : "8dddd39a7d59d9fa7a483d6583e9c929"
    }
  },
  "label" : "xsuaa",
  "plan" : "application",
  "credentials" : "********",
  "tags" : [ ],
  "type" : "managed",
  "resourceName" : "********",
  "shouldSkipParametersUpdate" : false,
  "shouldSkipPlanUpdate" : false,
  "shouldSkipTagsUpdate" : false,
  "shouldSkipSyslogUrlUpdate" : false
}, {
  "isOptional" : false,
  "isManaged" : true,
  "name" : "mycapapp-db",
  "v3Metadata" : {
    "annotations" : {
      "mta_id" : "mycapapp",
      "mta_version" : "1.0.0",
      "mta_resource" : "{\"name\":\"mycapapp-db\"}"
    },
    "labels" : {
      "mta_id" : "8dddd39a7d59d9fa7a483d6583e9c929"
    }
  },
  "label" : "hana",
  "plan" : "hdi-shared",
  "credentials" : "********",
  "tags" : [ ],
  "type" : "managed",
  "resourceName" : "mycapapp-db",
  "shouldSkipParametersUpdate" : false,
  "shouldSkipPlanUpdate" : false,
  "shouldSkipTagsUpdate" : false,
  "shouldSkipSyslogUrlUpdate" : false
} ]#
#2026 08 19 17:46:01.568#Z#DEBUG#d739ad82-9bf5-11f1-8315-eeee0a991ab8.OPERATION#flowable-async-job-executor-thread-308#
Step "Extract Services with Resolved Dynamic parameters from batch" finished#
#2026 08 19 17:46:01.622#Z#DEBUG#d739ad82-9bf5-11f1-8315-eeee0a991ab8.OPERATION#flowable-async-job-executor-thread-308#
[CheckServiceOperationStateStep] Executing task "CheckServiceOperationStateTask" of process "d7db4422-9bf5-11f1-8315-eeee0a991ab8"...#
#2026 08 19 17:46:01.623#Z#DEBUG#d739ad82-9bf5-11f1-8315-eeee0a991ab8.OPERATION#flowable-async-job-executor-thread-308#
[CheckServiceOperationStateStep] Getting service instance "mycapapp-db"...#
#2026 08 19 17:46:01.729#Z#DEBUG#d739ad82-9bf5-11f1-8315-eeee0a991ab8.OPERATION#flowable-async-job-executor-thread-308#
Step "Check for service operations in Progress" finished#
#2026 08 19 17:46:01.748#Z#DEBUG#d739ad82-9bf5-11f1-8315-eeee0a991ab8.OPERATION#flowable-async-job-executor-thread-306#
[DetermineServiceCreateUpdateServiceActionsStep] Executing task "DetermineServiceCreateUpdateActionsTask" of process "d7db4422-9bf5-11f1-8315-eeee0a991ab8"...#
#2026 08 19 17:46:01.749#Z#INFO#d739ad82-9bf5-11f1-8315-eeee0a991ab8.OPERATION#flowable-async-job-executor-thread-306#
[DetermineServiceCreateUpdateServiceActionsStep] Processing service "mycapapp-db"...#
#2026 08 19 17:46:01.752#Z#DEBUG#d739ad82-9bf5-11f1-8315-eeee0a991ab8.OPERATION#flowable-async-job-executor-thread-306#
[DetermineServiceCreateUpdateServiceActionsStep] Getting service instance "mycapapp-db"...#
#2026 08 19 17:46:01.843#Z#DEBUG#d739ad82-9bf5-11f1-8315-eeee0a991ab8.OPERATION#flowable-async-job-executor-thread-306#
[DetermineServiceCreateUpdateServiceActionsStep] Existing service: {
  "name" : "mycapapp-db",
  "metadata" : {
    "guid" : "7db7db11-9c71-4c62-b4d2-8f69d9b09685",
    "createdAt" : [ 2026, 8, 18, 15, 23, 37 ],
    "updatedAt" : [ 2026, 8, 18, 15, 23, 38 ]
  },
  "v3Metadata" : {
    "annotations" : {
      "mta_id" : "mycapapp",
      "mta_version" : "1.0.0",
      "mta_resource" : "{\"name\":\"mycapapp-db\"}"
    },
    "labels" : {
      "mta_id" : "8dddd39a7d59d9fa7a483d6583e9c929"
    }
  },
  "label" : "hana",
  "plan" : "hdi-shared",
  "credentials" : "********",
  "tags" : [ ],
  "type" : "managed",
  "lastOperation" : {
    "type" : "CREATE",
    "state" : "SUCCEEDED"
  }
}#
#2026 08 19 17:46:01.843#Z#WARN#d739ad82-9bf5-11f1-8315-eeee0a991ab8.OPERATION#flowable-async-job-executor-thread-306#
[DetermineServiceCreateUpdateServiceActionsStep] Service parameters for service "mycapapp-db" will not be updated, as the parameters are not defined or empty.#
#2026 08 19 17:46:01.843#Z#DEBUG#d739ad82-9bf5-11f1-8315-eeee0a991ab8.OPERATION#flowable-async-job-executor-thread-306#
Step "Determine update actions" finished#
#2026 08 19 17:46:01.867#Z#DEBUG#d739ad82-9bf5-11f1-8315-eeee0a991ab8.OPERATION#flowable-async-job-executor-thread-307#
[CheckForServiceBindingOrKeyOperationStep] Executing task "CheckForServiceBindingOrKeyCreation" of process "d7db4422-9bf5-11f1-8315-eeee0a991ab8"...#
#2026 08 19 17:46:01.868#Z#DEBUG#d739ad82-9bf5-11f1-8315-eeee0a991ab8.OPERATION#flowable-async-job-executor-thread-307#
Step "Check for service binding or key creation" finished#
#2026 08 19 17:46:02.880#Z#DEBUG#d739ad82-9bf5-11f1-8315-eeee0a991ab8.OPERATION#flowable-async-job-executor-thread-385#
[CheckServiceOperationStateStep] Executing task "CheckServiceOperationStateTask" of process "d899647b-9bf5-11f1-aeca-eeee0a8eaf6d"...#
#2026 08 19 17:46:02.963#Z#DEBUG#d739ad82-9bf5-11f1-8315-eeee0a991ab8.OPERATION#flowable-async-job-executor-thread-385#
[CheckServiceOperationStateStep] Getting service instance "mycapapp-auth"...#
#2026 08 19 17:46:03.062#Z#DEBUG#d739ad82-9bf5-11f1-8315-eeee0a991ab8.OPERATION#flowable-async-job-executor-thread-385#
Step "Check for service operations in Progress" finished#
#2026 08 19 17:46:03.090#Z#DEBUG#d739ad82-9bf5-11f1-8315-eeee0a991ab8.OPERATION#flowable-async-job-executor-thread-386#
[DetermineServiceCreateUpdateServiceActionsStep] Executing task "DetermineServiceCreateUpdateActionsTask" of process "d899647b-9bf5-11f1-aeca-eeee0a8eaf6d"...#
#2026 08 19 17:46:03.091#Z#INFO#d739ad82-9bf5-11f1-8315-eeee0a991ab8.OPERATION#flowable-async-job-executor-thread-386#
[DetermineServiceCreateUpdateServiceActionsStep] Processing service "mycapapp-auth"...#
#2026 08 19 17:46:03.095#Z#DEBUG#d739ad82-9bf5-11f1-8315-eeee0a991ab8.OPERATION#flowable-async-job-executor-thread-386#
[DetermineServiceCreateUpdateServiceActionsStep] Getting service instance "mycapapp-auth"...#
#2026 08 19 17:46:03.195#Z#INFO#d739ad82-9bf5-11f1-8315-eeee0a991ab8.OPERATION#flowable-async-job-executor-thread-386#
[DetermineServiceCreateUpdateServiceActionsStep] Setting service "mycapapp-auth" parameters from "xs-security.json"#
#2026 08 19 17:46:03.261#Z#DEBUG#d739ad82-9bf5-11f1-8315-eeee0a991ab8.OPERATION#flowable-async-job-executor-thread-386#
[DetermineServiceCreateUpdateServiceActionsStep] Existing service: {
  "name" : "********",
  "metadata" : {
    "guid" : "7356b0a4-2721-4e6b-9527-1522034e7592",
    "createdAt" : [ 2026, 8, 18, 15, 23, 37 ],
    "updatedAt" : [ 2026, 8, 18, 15, 23, 37 ]
  },
  "v3Metadata" : {
    "annotations" : {
      "mta_id" : "mycapapp",
      "mta_version" : "1.0.0",
      "mta_resource" : "********"
    },
    "labels" : {
      "mta_id" : "8dddd39a7d59d9fa7a483d6583e9c929"
    }
  },
  "label" : "xsuaa",
  "plan" : "application",
  "credentials" : "********",
  "tags" : [ ],
  "type" : "managed",
  "lastOperation" : {
    "type" : "CREATE",
    "description" : "",
    "state" : "SUCCEEDED"
  }
}#
#2026 08 19 17:46:03.261#Z#DEBUG#d739ad82-9bf5-11f1-8315-eeee0a991ab8.OPERATION#flowable-async-job-executor-thread-386#
[DetermineServiceCreateUpdateServiceActionsStep] Service parameters will be updated#
#2026 08 19 17:46:03.261#Z#DEBUG#d739ad82-9bf5-11f1-8315-eeee0a991ab8.OPERATION#flowable-async-job-executor-thread-386#
[DetermineServiceCreateUpdateServiceActionsStep] New parameters: {
  "attributes" : [ {
    "name" : "Country",
    "description" : "Country",
    "valueType" : "string"
  }, {
    "name" : "spiderman",
    "description" : "Spiderman",
    "valueType" : "string"
  } ],
  "authorities" : "********",
  "oauth2-configuration" : "********",
  "role-collections" : [ {
    "name" : "********",
    "description" : "********",
    "role-template-references" : [ "$XSAPPNAME.Viewer" ]
  } ],
  "role-templates" : [ {
    "name" : "Viewer",
    "description" : "View all employees data",
    "default-role-name" : "********",
    "scope-references" : [ "$XSAPPNAME.Display" ],
    "attribute-references" : [ {
      "name" : "spiderman"
    } ]
  }, {
    "name" : "Editor",
    "description" : "Edit, delete employee data",
    "scope-references" : [ "$XSAPPNAME.Edit" ]
  } ],
  "scopes" : [ {
    "name" : "$XSAPPNAME.Display",
    "description" : "Display"
  }, {
    "name" : "$XSAPPNAME.Edit",
    "description" : "Edit"
  } ],
  "tenant-mode" : "dedicated",
  "xsappname" : "mycapapp-7552edf5trial-dev",
  "xsenableasyncservice" : "true"
}#
#2026 08 19 17:46:03.261#Z#DEBUG#d739ad82-9bf5-11f1-8315-eeee0a991ab8.OPERATION#flowable-async-job-executor-thread-386#
Step "Determine update actions" finished#
#2026 08 19 17:46:03.293#Z#DEBUG#d739ad82-9bf5-11f1-8315-eeee0a991ab8.OPERATION#flowable-async-job-executor-thread-387#
[CheckForServiceBindingOrKeyOperationStep] Executing task "CheckForServiceBindingOrKeyCreation" of process "d899647b-9bf5-11f1-aeca-eeee0a8eaf6d"...#
#2026 08 19 17:46:03.295#Z#DEBUG#d739ad82-9bf5-11f1-8315-eeee0a991ab8.OPERATION#flowable-async-job-executor-thread-387#
Step "Check for service binding or key creation" finished#
#2026 08 19 17:46:03.321#Z#DEBUG#d739ad82-9bf5-11f1-8315-eeee0a991ab8.OPERATION#flowable-async-job-executor-thread-388#
[UpdateServiceParametersStep] Executing task "UpdateServiceParametersTask" of process "d899647b-9bf5-11f1-aeca-eeee0a8eaf6d"...#
#2026 08 19 17:46:03.323#Z#INFO#d739ad82-9bf5-11f1-8315-eeee0a991ab8.OPERATION#flowable-async-job-executor-thread-388#
[UpdateServiceParametersStep] Updating service "mycapapp-auth"...#
#2026 08 19 17:46:03.326#Z#DEBUG#d739ad82-9bf5-11f1-8315-eeee0a991ab8.OPERATION#flowable-async-job-executor-thread-388#
[UpdateServiceParametersStep] Updating service parameters for service "mycapapp-auth"...#
#2026 08 19 17:46:03.430#Z#DEBUG#d739ad82-9bf5-11f1-8315-eeee0a991ab8.OPERATION#flowable-async-job-executor-thread-388#
[UpdateServiceParametersStep] Service "mycapapp-auth" updated#
#2026 08 19 17:46:03.430#Z#DEBUG#d739ad82-9bf5-11f1-8315-eeee0a991ab8.OPERATION#flowable-async-job-executor-thread-388#
[UpdateServiceParametersStep] Triggered service operations: {
  "mycapapp-auth" : "UPDATE"
}#
#2026 08 19 17:46:03.431#Z#DEBUG#d739ad82-9bf5-11f1-8315-eeee0a991ab8.OPERATION#flowable-async-job-executor-thread-388#
Step "Update parameters" finished#
#2026 08 19 17:46:11.756#Z#DEBUG#d739ad82-9bf5-11f1-8315-eeee0a991ab8.OPERATION#flowable-async-job-executor-thread-314#
[UpdateServiceParametersStep] Executing task "UpdateServiceParametersTask" of process "d899647b-9bf5-11f1-aeca-eeee0a8eaf6d"...#
#2026 08 19 17:46:11.765#Z#DEBUG#d739ad82-9bf5-11f1-8315-eeee0a991ab8.OPERATION#flowable-async-job-executor-thread-314#
[UpdateServiceParametersStep] Polling service operations...#
#2026 08 19 17:46:11.768#Z#DEBUG#d739ad82-9bf5-11f1-8315-eeee0a991ab8.OPERATION#flowable-async-job-executor-thread-314#
[UpdateServiceParametersStep] Getting service instance "mycapapp-auth"...#
#2026 08 19 17:46:11.875#Z#DEBUG#d739ad82-9bf5-11f1-8315-eeee0a991ab8.OPERATION#flowable-async-job-executor-thread-314#
[UpdateServiceParametersStep] Last operation for service "mycapapp-auth": {
  "type" : "UPDATE",
  "description" : "",
  "state" : "SUCCEEDED"
}#
#2026 08 19 17:46:11.876#Z#DEBUG#d739ad82-9bf5-11f1-8315-eeee0a991ab8.OPERATION#flowable-async-job-executor-thread-314#
[UpdateServiceParametersStep] Service "mycapapp-auth" updated#
#2026 08 19 17:46:11.881#Z#INFO#d739ad82-9bf5-11f1-8315-eeee0a991ab8.OPERATION#flowable-async-job-executor-thread-314#
[UpdateServiceParametersStep] 1 of 1 done#
#2026 08 19 17:46:11.885#Z#DEBUG#d739ad82-9bf5-11f1-8315-eeee0a991ab8.OPERATION#flowable-async-job-executor-thread-314#
[UpdateServiceParametersStep] Remaining services to poll: [ ]#
#2026 08 19 17:46:11.885#Z#DEBUG#d739ad82-9bf5-11f1-8315-eeee0a991ab8.OPERATION#flowable-async-job-executor-thread-314#
Step "Update parameters" finished#
#2026 08 19 17:46:12.048#Z#DEBUG#d739ad82-9bf5-11f1-8315-eeee0a991ab8.OPERATION#flowable-async-job-executor-thread-318#
[PrepareModulesDeploymentStep] Executing task "prepareModulesDeploymentTask" of process "de0f1904-9bf5-11f1-8315-eeee0a991ab8"...#
#2026 08 19 17:46:12.048#Z#DEBUG#d739ad82-9bf5-11f1-8315-eeee0a991ab8.OPERATION#flowable-async-job-executor-thread-318#
[PrepareModulesDeploymentStep] Preparing modules deployment...#
#2026 08 19 17:46:12.050#Z#DEBUG#d739ad82-9bf5-11f1-8315-eeee0a991ab8.OPERATION#flowable-async-job-executor-thread-318#
Step "Prepare Modules Deployment" finished#
#2026 08 19 17:46:12.072#Z#DEBUG#d739ad82-9bf5-11f1-8315-eeee0a991ab8.OPERATION#flowable-async-job-executor-thread-318#
[ComputeNextModulesStep] Executing task "computeNextModulesToDeployInParallel" of process "de0f1904-9bf5-11f1-8315-eeee0a991ab8"...#
#2026 08 19 17:46:12.072#Z#DEBUG#d739ad82-9bf5-11f1-8315-eeee0a991ab8.OPERATION#flowable-async-job-executor-thread-318#
[ComputeNextModulesStep] Computing modules for next parallel iteration...#
#2026 08 19 17:46:12.073#Z#DEBUG#d739ad82-9bf5-11f1-8315-eeee0a991ab8.OPERATION#flowable-async-job-executor-thread-318#
[ComputeNextModulesStep] Completed modules detected: []#
#2026 08 19 17:46:12.073#Z#DEBUG#d739ad82-9bf5-11f1-8315-eeee0a991ab8.OPERATION#flowable-async-job-executor-thread-318#
[ComputeNextModulesStep] All modules for deploy detected: [mycapapp-srv, mycapapp-ui, mycapapp-db-deployer]#
#2026 08 19 17:46:12.073#Z#DEBUG#d739ad82-9bf5-11f1-8315-eeee0a991ab8.OPERATION#flowable-async-job-executor-thread-318#
[ComputeNextModulesStep] Modules not for deploy detected: []#
#2026 08 19 17:46:12.074#Z#DEBUG#d739ad82-9bf5-11f1-8315-eeee0a991ab8.OPERATION#flowable-async-job-executor-thread-318#
[ComputeNextModulesStep] Computed modules for next parallel iteration: [ {
  "majorSchemaVersion" : 3,
  "name" : "mycapapp-ui",
  "type" : "javascript.nodejs",
  "path" : "mycapapp-ui",
  "properties" : { },
  "parameters" : {
    "app-name" : "mycapapp-ui",
    "buildpack" : "nodejs_buildpack",
    "default-app-name" : "mycapapp-ui",
    "default-host" : "7552edf5trial-dev-mycapapp-ui",
    "default-instances" : 1,
    "default-live-app-name" : "mycapapp-ui",
    "default-live-domain" : "cfapps.us10-003.hana.ondemand.com",
    "default-live-host" : "7552edf5trial-dev-mycapapp-ui",
    "default-live-uri" : "7552edf5trial-dev-mycapapp-ui.cfapps.us10-003.hana.ondemand.com",
    "default-live-url" : "https://7552edf5trial-dev-mycapapp-ui.cfapps.us10-003.hana.ondemand.com",
    "default-uri" : "7552edf5trial-dev-mycapapp-ui.cfapps.us10-003.hana.ondemand.com",
    "default-url" : "https://7552edf5trial-dev-mycapapp-ui.cfapps.us10-003.hana.ondemand.com",
    "dependency-type" : "soft",
    "domain" : "cfapps.us10-003.hana.ondemand.com",
    "generated-password" : "********",
    "generated-user" : "********",
    "host" : "7552edf5trial-dev-mycapapp-ui",
    "instances" : 1,
    "protocol" : "https"
  },
  "requiredDependencies" : [ {
    "majorSchemaVersion" : 3,
    "name" : "********",
    "properties" : { },
    "parameters" : { },
    "propertiesMetadata" : {
      "metadata" : { }
    },
    "parametersMetadata" : {
      "metadata" : { }
    }
  }, {
    "majorSchemaVersion" : 3,
    "name" : "srv-api",
    "group" : "destinations",
    "properties" : {
      "forwardauthToken" : "********",
      "name" : "srv-api",
      "strictSSL" : true,
      "url" : "https://7552edf5trial-dev-mycapapp-srv.cfapps.us10-003.hana.ondemand.com"
    },
    "parameters" : { },
    "propertiesMetadata" : {
      "metadata" : { }
    },
    "parametersMetadata" : {
      "metadata" : { }
    }
  } ],
  "providedDependencies" : [ {
    "majorSchemaVersion" : 3,
    "name" : "mycapapp-ui",
    "isPublic" : false,
    "properties" : { },
    "parameters" : { },
    "propertiesMetadata" : {
      "metadata" : { }
    },
    "parametersMetadata" : {
      "metadata" : { }
    }
  } ],
  "propertiesMetadata" : {
    "metadata" : { }
  },
  "parametersMetadata" : {
    "metadata" : { }
  },
  "deployedAfter" : [ ],
  "hooks" : [ ]
}, {
  "majorSchemaVersion" : 3,
  "name" : "mycapapp-srv",
  "type" : "javascript.nodejs",
  "path" : "mycapapp-srv",
  "properties" : { },
  "parameters" : {
    "app-name" : "mycapapp-srv",
    "buildpack" : "nodejs_buildpack",
    "default-app-name" : "mycapapp-srv",
    "default-host" : "7552edf5trial-dev-mycapapp-srv",
    "default-instances" : 1,
    "default-live-app-name" : "mycapapp-srv",
    "default-live-domain" : "cfapps.us10-003.hana.ondemand.com",
    "default-live-host" : "7552edf5trial-dev-mycapapp-srv",
    "default-live-uri" : "7552edf5trial-dev-mycapapp-srv.cfapps.us10-003.hana.ondemand.com",
    "default-live-url" : "https://7552edf5trial-dev-mycapapp-srv.cfapps.us10-003.hana.ondemand.com",
    "default-uri" : "7552edf5trial-dev-mycapapp-srv.cfapps.us10-003.hana.ondemand.com",
    "default-url" : "https://7552edf5trial-dev-mycapapp-srv.cfapps.us10-003.hana.ondemand.com",
    "dependency-type" : "soft",
    "domain" : "cfapps.us10-003.hana.ondemand.com",
    "generated-password" : "********",
    "generated-user" : "********",
    "host" : "7552edf5trial-dev-mycapapp-srv",
    "instances" : 1,
    "protocol" : "https"
  },
  "requiredDependencies" : [ {
    "majorSchemaVersion" : 3,
    "name" : "********",
    "properties" : { },
    "parameters" : { },
    "propertiesMetadata" : {
      "metadata" : { }
    },
    "parametersMetadata" : {
      "metadata" : { }
    }
  }, {
    "majorSchemaVersion" : 3,
    "name" : "mycapapp-db",
    "properties" : { },
    "parameters" : { },
    "propertiesMetadata" : {
      "metadata" : { }
    },
    "parametersMetadata" : {
      "metadata" : { }
    }
  } ],
  "providedDependencies" : [ {
    "majorSchemaVersion" : 3,
    "name" : "srv-api",
    "isPublic" : false,
    "properties" : {
      "srv-url" : "https://7552edf5trial-dev-mycapapp-srv.cfapps.us10-003.hana.ondemand.com"
    },
    "parameters" : { },
    "propertiesMetadata" : {
      "metadata" : { }
    },
    "parametersMetadata" : {
      "metadata" : { }
    }
  }, {
    "majorSchemaVersion" : 3,
    "name" : "mycapapp-srv",
    "isPublic" : false,
    "properties" : { },
    "parameters" : { },
    "propertiesMetadata" : {
      "metadata" : { }
    },
    "parametersMetadata" : {
      "metadata" : { }
    }
  } ],
  "propertiesMetadata" : {
    "metadata" : { }
  },
  "parametersMetadata" : {
    "metadata" : { }
  },
  "deployedAfter" : [ ],
  "hooks" : [ ]
}, {
  "majorSchemaVersion" : 3,
  "name" : "mycapapp-db-deployer",
  "type" : "com.sap.xs.hdi",
  "path" : "mycapapp-db-deployer",
  "properties" : {
    "EXIT" : 1
  },
  "parameters" : {
    "app-name" : "mycapapp-db-deployer",
    "buildpack" : "nodejs_buildpack",
    "default-app-name" : "mycapapp-db-deployer",
    "default-host" : "7552edf5trial-dev-mycapapp-db-deployer",
    "default-instances" : 1,
    "default-live-app-name" : "mycapapp-db-deployer",
    "default-live-domain" : "cfapps.us10-003.hana.ondemand.com",
    "default-live-host" : "7552edf5trial-dev-mycapapp-db-deployer",
    "default-live-uri" : "7552edf5trial-dev-mycapapp-db-deployer.cfapps.us10-003.hana.ondemand.com",
    "default-live-url" : "https://7552edf5trial-dev-mycapapp-db-deployer.cfapps.us10-003.hana.ondemand.com",
    "default-uri" : "7552edf5trial-dev-mycapapp-db-deployer.cfapps.us10-003.hana.ondemand.com",
    "default-url" : "https://7552edf5trial-dev-mycapapp-db-deployer.cfapps.us10-003.hana.ondemand.com",
    "dependency-type" : "hard",
    "domain" : "cfapps.us10-003.hana.ondemand.com",
    "generated-password" : "********",
    "generated-user" : "********",
    "host" : "7552edf5trial-dev-mycapapp-db-deployer",
    "instances" : 1,
    "memory" : "256M",
    "no-route" : true,
    "no-start" : true,
    "protocol" : "https",
    "tasks" : [ {
      "command" : "npm start",
      "memory" : "256M",
      "name" : "deploy"
    } ]
  },
  "requiredDependencies" : [ {
    "majorSchemaVersion" : 3,
    "name" : "mycapapp-db",
    "properties" : { },
    "parameters" : { },
    "propertiesMetadata" : {
      "metadata" : { }
    },
    "parametersMetadata" : {
      "metadata" : { }
    }
  } ],
  "providedDependencies" : [ {
    "majorSchemaVersion" : 3,
    "name" : "mycapapp-db-deployer",
    "isPublic" : false,
    "properties" : { },
    "parameters" : { },
    "propertiesMetadata" : {
      "metadata" : { }
    },
    "parametersMetadata" : {
      "metadata" : { }
    }
  } ],
  "propertiesMetadata" : {
    "metadata" : { }
  },
  "parametersMetadata" : {
    "metadata" : { }
  },
  "deployedAfter" : [ ],
  "hooks" : [ ]
} ]#
#2026 08 19 17:46:12.074#Z#DEBUG#d739ad82-9bf5-11f1-8315-eeee0a991ab8.OPERATION#flowable-async-job-executor-thread-318#
Step "Compute Next Modules To Deploy" finished#
#2026 08 19 17:46:12.165#Z#DEBUG#d739ad82-9bf5-11f1-8315-eeee0a991ab8.OPERATION#flowable-async-job-executor-thread-318#
[ProcessDescriptorStep] Executing task "reprocessDescriptorTask" of process "de2056dd-9bf5-11f1-8315-eeee0a991ab8"...#
#2026 08 19 17:46:12.165#Z#DEBUG#d739ad82-9bf5-11f1-8315-eeee0a991ab8.OPERATION#flowable-async-job-executor-thread-318#
[ProcessDescriptorStep] Resolving properties and parameters in merged descriptor...#
#2026 08 19 17:46:12.168#Z#DEBUG#d739ad82-9bf5-11f1-8315-eeee0a991ab8.OPERATION#flowable-async-job-executor-thread-318#
[ProcessDescriptorStep] Subscriptions: [ ]#
#2026 08 19 17:46:12.171#Z#DEBUG#d739ad82-9bf5-11f1-8315-eeee0a991ab8.OPERATION#flowable-async-job-executor-thread-318#
[ProcessDescriptorStep] MTA modules: [mycapapp-srv, mycapapp-ui, mycapapp-db-deployer]#
#2026 08 19 17:46:12.173#Z#DEBUG#d739ad82-9bf5-11f1-8315-eeee0a991ab8.OPERATION#flowable-async-job-executor-thread-318#
[ProcessDescriptorStep] Resolved deployment descriptor: {
  "majorSchemaVersion" : 3,
  "schemaVersion" : "3.3.0",
  "id" : "mycapapp",
  "version" : "1.0.0",
  "modules" : [ {
    "majorSchemaVersion" : 3,
    "name" : "mycapapp-ui",
    "type" : "javascript.nodejs",
    "path" : "mycapapp-ui",
    "properties" : { },
    "parameters" : {
      "default-url" : "https://7552edf5trial-dev-mycapapp-ui.cfapps.us10-003.hana.ondemand.com",
      "default-app-name" : "mycapapp-ui",
      "generated-password" : "********",
      "default-live-url" : "https://7552edf5trial-dev-mycapapp-ui.cfapps.us10-003.hana.ondemand.com",
      "default-uri" : "7552edf5trial-dev-mycapapp-ui.cfapps.us10-003.hana.ondemand.com",
      "default-instances" : 1,
      "default-live-host" : "7552edf5trial-dev-mycapapp-ui",
      "instances" : 1,
      "buildpack" : "nodejs_buildpack",
      "default-host" : "7552edf5trial-dev-mycapapp-ui",
      "app-name" : "mycapapp-ui",
      "default-live-uri" : "7552edf5trial-dev-mycapapp-ui.cfapps.us10-003.hana.ondemand.com",
      "protocol" : "https",
      "default-live-app-name" : "mycapapp-ui",
      "default-live-domain" : "cfapps.us10-003.hana.ondemand.com",
      "domain" : "cfapps.us10-003.hana.ondemand.com",
      "host" : "7552edf5trial-dev-mycapapp-ui",
      "generated-user" : "********"
    },
    "requiredDependencies" : [ {
      "majorSchemaVersion" : 3,
      "name" : "********",
      "properties" : { },
      "parameters" : { },
      "propertiesMetadata" : {
        "metadata" : { }
      },
      "parametersMetadata" : {
        "metadata" : { }
      }
    }, {
      "majorSchemaVersion" : 3,
      "name" : "srv-api",
      "group" : "destinations",
      "properties" : {
        "name" : "srv-api",
        "strictSSL" : true,
        "forwardauthToken" : "********",
        "url" : "https://7552edf5trial-dev-mycapapp-srv.cfapps.us10-003.hana.ondemand.com"
      },
      "parameters" : { },
      "propertiesMetadata" : {
        "metadata" : { }
      },
      "parametersMetadata" : {
        "metadata" : { }
      }
    } ],
    "providedDependencies" : [ {
      "majorSchemaVersion" : 3,
      "name" : "mycapapp-ui",
      "isPublic" : false,
      "properties" : { },
      "parameters" : { },
      "propertiesMetadata" : {
        "metadata" : { }
      },
      "parametersMetadata" : {
        "metadata" : { }
      }
    } ],
    "propertiesMetadata" : {
      "metadata" : { }
    },
    "parametersMetadata" : {
      "metadata" : { }
    },
    "hooks" : [ ]
  }, {
    "majorSchemaVersion" : 3,
    "name" : "mycapapp-srv",
    "type" : "javascript.nodejs",
    "path" : "mycapapp-srv",
    "properties" : { },
    "parameters" : {
      "default-url" : "https://7552edf5trial-dev-mycapapp-srv.cfapps.us10-003.hana.ondemand.com",
      "default-app-name" : "mycapapp-srv",
      "generated-password" : "********",
      "default-live-url" : "https://7552edf5trial-dev-mycapapp-srv.cfapps.us10-003.hana.ondemand.com",
      "default-uri" : "7552edf5trial-dev-mycapapp-srv.cfapps.us10-003.hana.ondemand.com",
      "default-instances" : 1,
      "default-live-host" : "7552edf5trial-dev-mycapapp-srv",
      "instances" : 1,
      "buildpack" : "nodejs_buildpack",
      "default-host" : "7552edf5trial-dev-mycapapp-srv",
      "app-name" : "mycapapp-srv",
      "default-live-uri" : "7552edf5trial-dev-mycapapp-srv.cfapps.us10-003.hana.ondemand.com",
      "protocol" : "https",
      "default-live-app-name" : "mycapapp-srv",
      "default-live-domain" : "cfapps.us10-003.hana.ondemand.com",
      "domain" : "cfapps.us10-003.hana.ondemand.com",
      "host" : "7552edf5trial-dev-mycapapp-srv",
      "generated-user" : "********"
    },
    "requiredDependencies" : [ {
      "majorSchemaVersion" : 3,
      "name" : "********",
      "properties" : { },
      "parameters" : { },
      "propertiesMetadata" : {
        "metadata" : { }
      },
      "parametersMetadata" : {
        "metadata" : { }
      }
    }, {
      "majorSchemaVersion" : 3,
      "name" : "mycapapp-db",
      "properties" : { },
      "parameters" : { },
      "propertiesMetadata" : {
        "metadata" : { }
      },
      "parametersMetadata" : {
        "metadata" : { }
      }
    } ],
    "providedDependencies" : [ {
      "majorSchemaVersion" : 3,
      "name" : "srv-api",
      "isPublic" : false,
      "properties" : {
        "srv-url" : "https://7552edf5trial-dev-mycapapp-srv.cfapps.us10-003.hana.ondemand.com"
      },
      "parameters" : { },
      "propertiesMetadata" : {
        "metadata" : { }
      },
      "parametersMetadata" : {
        "metadata" : { }
      }
    }, {
      "majorSchemaVersion" : 3,
      "name" : "mycapapp-srv",
      "isPublic" : false,
      "properties" : { },
      "parameters" : { },
      "propertiesMetadata" : {
        "metadata" : { }
      },
      "parametersMetadata" : {
        "metadata" : { }
      }
    } ],
    "propertiesMetadata" : {
      "metadata" : { }
    },
    "parametersMetadata" : {
      "metadata" : { }
    },
    "hooks" : [ ]
  }, {
    "majorSchemaVersion" : 3,
    "name" : "mycapapp-db-deployer",
    "type" : "com.sap.xs.hdi",
    "path" : "mycapapp-db-deployer",
    "properties" : {
      "EXIT" : 1
    },
    "parameters" : {
      "default-url" : "https://7552edf5trial-dev-mycapapp-db-deployer.cfapps.us10-003.hana.ondemand.com",
      "default-app-name" : "mycapapp-db-deployer",
      "generated-password" : "********",
      "default-live-url" : "https://7552edf5trial-dev-mycapapp-db-deployer.cfapps.us10-003.hana.ondemand.com",
      "default-uri" : "7552edf5trial-dev-mycapapp-db-deployer.cfapps.us10-003.hana.ondemand.com",
      "memory" : "256M",
      "default-instances" : 1,
      "no-route" : true,
      "default-live-host" : "7552edf5trial-dev-mycapapp-db-deployer",
      "instances" : 1,
      "buildpack" : "nodejs_buildpack",
      "default-host" : "7552edf5trial-dev-mycapapp-db-deployer",
      "app-name" : "mycapapp-db-deployer",
      "default-live-uri" : "7552edf5trial-dev-mycapapp-db-deployer.cfapps.us10-003.hana.ondemand.com",
      "protocol" : "https",
      "default-live-app-name" : "mycapapp-db-deployer",
      "default-live-domain" : "cfapps.us10-003.hana.ondemand.com",
      "dependency-type" : "hard",
      "domain" : "cfapps.us10-003.hana.ondemand.com",
      "host" : "7552edf5trial-dev-mycapapp-db-deployer",
      "generated-user" : "********",
      "tasks" : [ {
        "command" : "npm start",
        "memory" : "256M",
        "name" : "deploy"
      } ],
      "no-start" : true
    },
    "requiredDependencies" : [ {
      "majorSchemaVersion" : 3,
      "name" : "mycapapp-db",
      "properties" : { },
      "parameters" : { },
      "propertiesMetadata" : {
        "metadata" : { }
      },
      "parametersMetadata" : {
        "metadata" : { }
      }
    } ],
    "providedDependencies" : [ {
      "majorSchemaVersion" : 3,
      "name" : "mycapapp-db-deployer",
      "isPublic" : false,
      "properties" : { },
      "parameters" : { },
      "propertiesMetadata" : {
        "metadata" : { }
      },
      "parametersMetadata" : {
        "metadata" : { }
      }
    } ],
    "propertiesMetadata" : {
      "metadata" : { }
    },
    "parametersMetadata" : {
      "metadata" : { }
    },
    "hooks" : [ ]
  } ],
  "resources" : [ {
    "majorSchemaVersion" : 3,
    "name" : "********",
    "type" : "org.cloudfoundry.managed-service",
    "properties" : { },
    "parameters" : {
      "generated-password" : "********",
      "path" : "./xs-security.json",
      "service-name" : "********",
      "service-plan" : "application",
      "service" : "xsuaa",
      "generated-user" : "********",
      "default-xsappname" : "********",
      "type" : "managed-service",
      "config" : {
        "oauth2-configuration" : "********",
        "tenant-mode" : "dedicated",
        "xsappname" : "mycapapp-7552edf5trial-dev"
      },
      "default-service-name" : "********",
      "default-container-name" : "********"
    },
    "isActive" : true,
    "isOptional" : false,
    "propertiesMetadata" : {
      "metadata" : { }
    },
    "parametersMetadata" : {
      "metadata" : { }
    },
    "requiredDependencies" : [ ],
    "processedAfter" : [ ]
  }, {
    "majorSchemaVersion" : 3,
    "name" : "mycapapp-db",
    "type" : "com.sap.xs.hdi-container",
    "properties" : { },
    "parameters" : {
      "generated-password" : "********",
      "service-name" : "mycapapp-db",
      "service-plan" : "hdi-shared",
      "service" : "hana",
      "generated-user" : "********",
      "default-xsappname" : "mycapapp-db",
      "type" : "managed-service",
      "default-service-name" : "mycapapp-db",
      "default-container-name" : "7552EDF5TRIAL_DEV_MYCAPAPP_DB"
    },
    "isActive" : true,
    "isOptional" : false,
    "propertiesMetadata" : {
      "metadata" : { }
    },
    "parametersMetadata" : {
      "metadata" : { }
    },
    "requiredDependencies" : [ ],
    "processedAfter" : [ ]
  } ],
  "parameters" : {
    "mta-id" : "mycapapp",
    "authorization-url" : "********",
    "org-guid" : "f947dbd6-c83f-42a2-a7ec-4bf2f722d93b",
    "org" : "7552edf5trial",
    "deploy-target" : "7552edf5trial dev",
    "enable-parallel-deployments" : true,
    "region-primary-domain" : "us10.hana.ondemand.com",
    "space" : "dev",
    "region-domain" : "us10-003.hana.ondemand.com",
    "xs-api-url" : "https://api.cf.us10-003.hana.ondemand.com",
    "deploy-url" : "deploy-service.cfapps.us10-003.hana.ondemand.com",
    "xs-type" : "CF",
    "default-domain" : "cfapps.us10-003.hana.ondemand.com",
    "mta-version" : "1.0.0",
    "xs-auth-url" : "********",
    "space-guid" : "b29d2292-6952-4f26-8288-4fbcf217a78e",
    "user" : "********",
    "controller-url" : "https://api.cf.us10-003.hana.ondemand.com",
    "timestamp" : "20260819174600"
  },
  "parametersMetadata" : {
    "metadata" : { }
  }
}#
#2026 08 19 17:46:12.173#Z#DEBUG#d739ad82-9bf5-11f1-8315-eeee0a991ab8.OPERATION#flowable-async-job-executor-thread-318#
[ProcessDescriptorStep] Merged descriptor properties and parameters resolved#
#2026 08 19 17:46:12.173#Z#DEBUG#d739ad82-9bf5-11f1-8315-eeee0a991ab8.OPERATION#flowable-async-job-executor-thread-318#
Step "Re-Process Descriptor Step" finished#
#2026 08 19 17:46:12.191#Z#DEBUG#d739ad82-9bf5-11f1-8315-eeee0a991ab8.OPERATION#flowable-async-job-executor-thread-318#
[BuildApplicationDeployModelStep] Executing task "buildApplicationDeployModelTask" of process "de2056dd-9bf5-11f1-8315-eeee0a991ab8"...#
#2026 08 19 17:46:12.192#Z#DEBUG#d739ad82-9bf5-11f1-8315-eeee0a991ab8.OPERATION#flowable-async-job-executor-thread-318#
[BuildApplicationDeployModelStep] Building cloud deployment model for application "mycapapp-srv"...#
#2026 08 19 17:46:12.195#Z#DEBUG#d739ad82-9bf5-11f1-8315-eeee0a991ab8.OPERATION#flowable-async-job-executor-thread-318#
[BuildApplicationDeployModelStep] No health-check-type is specified. Setting default type: port#
#2026 08 19 17:46:12.195#Z#INFO#d739ad82-9bf5-11f1-8315-eeee0a991ab8.OPERATION#flowable-async-job-executor-thread-318#
[BuildApplicationDeployModelStep] Building configuration entries for org 7552edf5trial, space dev, spaceId b29d2292-6952-4f26-8288-4fbcf217a78e and namespace null!#
#2026 08 19 17:46:12.196#Z#DEBUG#d739ad82-9bf5-11f1-8315-eeee0a991ab8.OPERATION#flowable-async-job-executor-thread-318#
[BuildApplicationDeployModelStep] Configuration entries to publish: [ ]#
#2026 08 19 17:46:12.196#Z#DEBUG#d739ad82-9bf5-11f1-8315-eeee0a991ab8.OPERATION#flowable-async-job-executor-thread-318#
[BuildApplicationDeployModelStep] Cloud deployment model for application built#
#2026 08 19 17:46:12.196#Z#DEBUG#d739ad82-9bf5-11f1-8315-eeee0a991ab8.OPERATION#flowable-async-job-executor-thread-318#
Step "Build Application Deploy Model" finished#
#2026 08 19 17:46:12.442#Z#DEBUG#d739ad82-9bf5-11f1-8315-eeee0a991ab8.OPERATION#flowable-async-job-executor-thread-179#
[ProcessDescriptorStep] Executing task "reprocessDescriptorTask" of process "de45e085-9bf5-11f1-8db9-eeee0a99597d"...#
#2026 08 19 17:46:12.443#Z#DEBUG#d739ad82-9bf5-11f1-8315-eeee0a991ab8.OPERATION#flowable-async-job-executor-thread-179#
[ProcessDescriptorStep] Resolving properties and parameters in merged descriptor...#
#2026 08 19 17:46:12.450#Z#DEBUG#d739ad82-9bf5-11f1-8315-eeee0a991ab8.OPERATION#flowable-async-job-executor-thread-179#
[ProcessDescriptorStep] Subscriptions: [ ]#
#2026 08 19 17:46:12.458#Z#DEBUG#d739ad82-9bf5-11f1-8315-eeee0a991ab8.OPERATION#flowable-async-job-executor-thread-179#
[ProcessDescriptorStep] MTA modules: [mycapapp-srv, mycapapp-ui, mycapapp-db-deployer]#
#2026 08 19 17:46:12.461#Z#DEBUG#d739ad82-9bf5-11f1-8315-eeee0a991ab8.OPERATION#flowable-async-job-executor-thread-179#
[ProcessDescriptorStep] Resolved deployment descriptor: {
  "majorSchemaVersion" : 3,
  "schemaVersion" : "3.3.0",
  "id" : "mycapapp",
  "version" : "1.0.0",
  "modules" : [ {
    "majorSchemaVersion" : 3,
    "name" : "mycapapp-ui",
    "type" : "javascript.nodejs",
    "path" : "mycapapp-ui",
    "properties" : { },
    "parameters" : {
      "default-url" : "https://7552edf5trial-dev-mycapapp-ui.cfapps.us10-003.hana.ondemand.com",
      "default-app-name" : "mycapapp-ui",
      "generated-password" : "********",
      "default-live-url" : "https://7552edf5trial-dev-mycapapp-ui.cfapps.us10-003.hana.ondemand.com",
      "default-uri" : "7552edf5trial-dev-mycapapp-ui.cfapps.us10-003.hana.ondemand.com",
      "default-instances" : 1,
      "default-live-host" : "7552edf5trial-dev-mycapapp-ui",
      "instances" : 1,
      "buildpack" : "nodejs_buildpack",
      "default-host" : "7552edf5trial-dev-mycapapp-ui",
      "app-name" : "mycapapp-ui",
      "default-live-uri" : "7552edf5trial-dev-mycapapp-ui.cfapps.us10-003.hana.ondemand.com",
      "protocol" : "https",
      "default-live-app-name" : "mycapapp-ui",
      "default-live-domain" : "cfapps.us10-003.hana.ondemand.com",
      "domain" : "cfapps.us10-003.hana.ondemand.com",
      "host" : "7552edf5trial-dev-mycapapp-ui",
      "generated-user" : "********"
    },
    "requiredDependencies" : [ {
      "majorSchemaVersion" : 3,
      "name" : "********",
      "properties" : { },
      "parameters" : { },
      "propertiesMetadata" : {
        "metadata" : { }
      },
      "parametersMetadata" : {
        "metadata" : { }
      }
    }, {
      "majorSchemaVersion" : 3,
      "name" : "srv-api",
      "group" : "destinations",
      "properties" : {
        "name" : "srv-api",
        "strictSSL" : true,
        "forwardauthToken" : "********",
        "url" : "https://7552edf5trial-dev-mycapapp-srv.cfapps.us10-003.hana.ondemand.com"
      },
      "parameters" : { },
      "propertiesMetadata" : {
        "metadata" : { }
      },
      "parametersMetadata" : {
        "metadata" : { }
      }
    } ],
    "providedDependencies" : [ {
      "majorSchemaVersion" : 3,
      "name" : "mycapapp-ui",
      "isPublic" : false,
      "properties" : { },
      "parameters" : { },
      "propertiesMetadata" : {
        "metadata" : { }
      },
      "parametersMetadata" : {
        "metadata" : { }
      }
    } ],
    "propertiesMetadata" : {
      "metadata" : { }
    },
    "parametersMetadata" : {
      "metadata" : { }
    },
    "hooks" : [ ]
  }, {
    "majorSchemaVersion" : 3,
    "name" : "mycapapp-srv",
    "type" : "javascript.nodejs",
    "path" : "mycapapp-srv",
    "properties" : { },
    "parameters" : {
      "default-url" : "https://7552edf5trial-dev-mycapapp-srv.cfapps.us10-003.hana.ondemand.com",
      "default-app-name" : "mycapapp-srv",
      "generated-password" : "********",
      "default-live-url" : "https://7552edf5trial-dev-mycapapp-srv.cfapps.us10-003.hana.ondemand.com",
      "default-uri" : "7552edf5trial-dev-mycapapp-srv.cfapps.us10-003.hana.ondemand.com",
      "default-instances" : 1,
      "default-live-host" : "7552edf5trial-dev-mycapapp-srv",
      "instances" : 1,
      "buildpack" : "nodejs_buildpack",
      "default-host" : "7552edf5trial-dev-mycapapp-srv",
      "app-name" : "mycapapp-srv",
      "default-live-uri" : "7552edf5trial-dev-mycapapp-srv.cfapps.us10-003.hana.ondemand.com",
      "protocol" : "https",
      "default-live-app-name" : "mycapapp-srv",
      "default-live-domain" : "cfapps.us10-003.hana.ondemand.com",
      "domain" : "cfapps.us10-003.hana.ondemand.com",
      "host" : "7552edf5trial-dev-mycapapp-srv",
      "generated-user" : "********"
    },
    "requiredDependencies" : [ {
      "majorSchemaVersion" : 3,
      "name" : "********",
      "properties" : { },
      "parameters" : { },
      "propertiesMetadata" : {
        "metadata" : { }
      },
      "parametersMetadata" : {
        "metadata" : { }
      }
    }, {
      "majorSchemaVersion" : 3,
      "name" : "mycapapp-db",
      "properties" : { },
      "parameters" : { },
      "propertiesMetadata" : {
        "metadata" : { }
      },
      "parametersMetadata" : {
        "metadata" : { }
      }
    } ],
    "providedDependencies" : [ {
      "majorSchemaVersion" : 3,
      "name" : "srv-api",
      "isPublic" : false,
      "properties" : {
        "srv-url" : "https://7552edf5trial-dev-mycapapp-srv.cfapps.us10-003.hana.ondemand.com"
      },
      "parameters" : { },
      "propertiesMetadata" : {
        "metadata" : { }
      },
      "parametersMetadata" : {
        "metadata" : { }
      }
    }, {
      "majorSchemaVersion" : 3,
      "name" : "mycapapp-srv",
      "isPublic" : false,
      "properties" : { },
      "parameters" : { },
      "propertiesMetadata" : {
        "metadata" : { }
      },
      "parametersMetadata" : {
        "metadata" : { }
      }
    } ],
    "propertiesMetadata" : {
      "metadata" : { }
    },
    "parametersMetadata" : {
      "metadata" : { }
    },
    "hooks" : [ ]
  }, {
    "majorSchemaVersion" : 3,
    "name" : "mycapapp-db-deployer",
    "type" : "com.sap.xs.hdi",
    "path" : "mycapapp-db-deployer",
    "properties" : {
      "EXIT" : 1
    },
    "parameters" : {
      "default-url" : "https://7552edf5trial-dev-mycapapp-db-deployer.cfapps.us10-003.hana.ondemand.com",
      "default-app-name" : "mycapapp-db-deployer",
      "generated-password" : "********",
      "default-live-url" : "https://7552edf5trial-dev-mycapapp-db-deployer.cfapps.us10-003.hana.ondemand.com",
      "default-uri" : "7552edf5trial-dev-mycapapp-db-deployer.cfapps.us10-003.hana.ondemand.com",
      "memory" : "256M",
      "default-instances" : 1,
      "no-route" : true,
      "default-live-host" : "7552edf5trial-dev-mycapapp-db-deployer",
      "instances" : 1,
      "buildpack" : "nodejs_buildpack",
      "default-host" : "7552edf5trial-dev-mycapapp-db-deployer",
      "app-name" : "mycapapp-db-deployer",
      "default-live-uri" : "7552edf5trial-dev-mycapapp-db-deployer.cfapps.us10-003.hana.ondemand.com",
      "protocol" : "https",
      "default-live-app-name" : "mycapapp-db-deployer",
      "default-live-domain" : "cfapps.us10-003.hana.ondemand.com",
      "dependency-type" : "hard",
      "domain" : "cfapps.us10-003.hana.ondemand.com",
      "host" : "7552edf5trial-dev-mycapapp-db-deployer",
      "generated-user" : "********",
      "tasks" : [ {
        "command" : "npm start",
        "memory" : "256M",
        "name" : "deploy"
      } ],
      "no-start" : true
    },
    "requiredDependencies" : [ {
      "majorSchemaVersion" : 3,
      "name" : "mycapapp-db",
      "properties" : { },
      "parameters" : { },
      "propertiesMetadata" : {
        "metadata" : { }
      },
      "parametersMetadata" : {
        "metadata" : { }
      }
    } ],
    "providedDependencies" : [ {
      "majorSchemaVersion" : 3,
      "name" : "mycapapp-db-deployer",
      "isPublic" : false,
      "properties" : { },
      "parameters" : { },
      "propertiesMetadata" : {
        "metadata" : { }
      },
      "parametersMetadata" : {
        "metadata" : { }
      }
    } ],
    "propertiesMetadata" : {
      "metadata" : { }
    },
    "parametersMetadata" : {
      "metadata" : { }
    },
    "hooks" : [ ]
  } ],
  "resources" : [ {
    "majorSchemaVersion" : 3,
    "name" : "********",
    "type" : "org.cloudfoundry.managed-service",
    "properties" : { },
    "parameters" : {
      "generated-password" : "********",
      "path" : "./xs-security.json",
      "service-name" : "********",
      "service-plan" : "application",
      "service" : "xsuaa",
      "generated-user" : "********",
      "default-xsappname" : "********",
      "type" : "managed-service",
      "config" : {
        "oauth2-configuration" : "********",
        "tenant-mode" : "dedicated",
        "xsappname" : "mycapapp-7552edf5trial-dev"
      },
      "default-service-name" : "********",
      "default-container-name" : "********"
    },
    "isActive" : true,
    "isOptional" : false,
    "propertiesMetadata" : {
      "metadata" : { }
    },
    "parametersMetadata" : {
      "metadata" : { }
    },
    "requiredDependencies" : [ ],
    "processedAfter" : [ ]
  }, {
    "majorSchemaVersion" : 3,
    "name" : "mycapapp-db",
    "type" : "com.sap.xs.hdi-container",
    "properties" : { },
    "parameters" : {
      "generated-password" : "********",
      "service-name" : "mycapapp-db",
      "service-plan" : "hdi-shared",
      "service" : "hana",
      "generated-user" : "********",
      "default-xsappname" : "mycapapp-db",
      "type" : "managed-service",
      "default-service-name" : "mycapapp-db",
      "default-container-name" : "7552EDF5TRIAL_DEV_MYCAPAPP_DB"
    },
    "isActive" : true,
    "isOptional" : false,
    "propertiesMetadata" : {
      "metadata" : { }
    },
    "parametersMetadata" : {
      "metadata" : { }
    },
    "requiredDependencies" : [ ],
    "processedAfter" : [ ]
  } ],
  "parameters" : {
    "mta-id" : "mycapapp",
    "authorization-url" : "********",
    "org-guid" : "f947dbd6-c83f-42a2-a7ec-4bf2f722d93b",
    "org" : "7552edf5trial",
    "deploy-target" : "7552edf5trial dev",
    "enable-parallel-deployments" : true,
    "region-primary-domain" : "us10.hana.ondemand.com",
    "space" : "dev",
    "region-domain" : "us10-003.hana.ondemand.com",
    "xs-api-url" : "https://api.cf.us10-003.hana.ondemand.com",
    "deploy-url" : "deploy-service.cfapps.us10-003.hana.ondemand.com",
    "xs-type" : "CF",
    "default-domain" : "cfapps.us10-003.hana.ondemand.com",
    "mta-version" : "1.0.0",
    "xs-auth-url" : "********",
    "space-guid" : "b29d2292-6952-4f26-8288-4fbcf217a78e",
    "user" : "********",
    "controller-url" : "https://api.cf.us10-003.hana.ondemand.com",
    "timestamp" : "20260819174600"
  },
  "parametersMetadata" : {
    "metadata" : { }
  }
}#
#2026 08 19 17:46:12.461#Z#DEBUG#d739ad82-9bf5-11f1-8315-eeee0a991ab8.OPERATION#flowable-async-job-executor-thread-179#
[ProcessDescriptorStep] Merged descriptor properties and parameters resolved#
#2026 08 19 17:46:12.461#Z#DEBUG#d739ad82-9bf5-11f1-8315-eeee0a991ab8.OPERATION#flowable-async-job-executor-thread-179#
Step "Re-Process Descriptor Step" finished#
#2026 08 19 17:46:12.500#Z#DEBUG#d739ad82-9bf5-11f1-8315-eeee0a991ab8.OPERATION#flowable-async-job-executor-thread-180#
[BuildApplicationDeployModelStep] Executing task "buildApplicationDeployModelTask" of process "de45e085-9bf5-11f1-8db9-eeee0a99597d"...#
#2026 08 19 17:46:12.504#Z#DEBUG#d739ad82-9bf5-11f1-8315-eeee0a991ab8.OPERATION#flowable-async-job-executor-thread-180#
[BuildApplicationDeployModelStep] Building cloud deployment model for application "mycapapp-ui"...#
#2026 08 19 17:46:12.592#Z#DEBUG#d739ad82-9bf5-11f1-8315-eeee0a991ab8.OPERATION#flowable-async-job-executor-thread-180#
[BuildApplicationDeployModelStep] No health-check-type is specified. Setting default type: port#
#2026 08 19 17:46:12.592#Z#INFO#d739ad82-9bf5-11f1-8315-eeee0a991ab8.OPERATION#flowable-async-job-executor-thread-180#
[BuildApplicationDeployModelStep] Building configuration entries for org 7552edf5trial, space dev, spaceId b29d2292-6952-4f26-8288-4fbcf217a78e and namespace null!#
#2026 08 19 17:46:12.594#Z#DEBUG#d739ad82-9bf5-11f1-8315-eeee0a991ab8.OPERATION#flowable-async-job-executor-thread-180#
[BuildApplicationDeployModelStep] Configuration entries to publish: [ ]#
#2026 08 19 17:46:12.594#Z#DEBUG#d739ad82-9bf5-11f1-8315-eeee0a991ab8.OPERATION#flowable-async-job-executor-thread-180#
[BuildApplicationDeployModelStep] Cloud deployment model for application built#
#2026 08 19 17:46:12.594#Z#DEBUG#d739ad82-9bf5-11f1-8315-eeee0a991ab8.OPERATION#flowable-async-job-executor-thread-180#
Step "Build Application Deploy Model" finished#
#2026 08 19 17:46:12.218#Z#DEBUG#d739ad82-9bf5-11f1-8315-eeee0a991ab8.OPERATION#flowable-async-job-executor-thread-318#
[CreateOrUpdateAppStep] Executing task "createAppTask" of process "de2056dd-9bf5-11f1-8315-eeee0a991ab8"...#
#2026 08 19 17:46:12.219#Z#DEBUG#d739ad82-9bf5-11f1-8315-eeee0a991ab8.OPERATION#flowable-async-job-executor-thread-318#
[CreateOrUpdateAppStep] Getting application "mycapapp-srv"...#
#2026 08 19 17:46:12.252#Z#INFO#d739ad82-9bf5-11f1-8315-eeee0a991ab8.OPERATION#flowable-async-job-executor-thread-318#
[CreateOrUpdateAppStep] Updating application "mycapapp-srv"...#
#2026 08 19 17:46:12.255#Z#DEBUG#d739ad82-9bf5-11f1-8315-eeee0a991ab8.OPERATION#flowable-async-job-executor-thread-318#
[CreateOrUpdateAppStep] Getting process for application "22d07cc0-425d-441c-8cbb-9456d26e40b2"...#
#2026 08 19 17:46:12.288#Z#DEBUG#d739ad82-9bf5-11f1-8315-eeee0a991ab8.OPERATION#flowable-async-job-executor-thread-318#
[CreateOrUpdateAppStep] Getting routes for application "22d07cc0-425d-441c-8cbb-9456d26e40b2"...#
#2026 08 19 17:46:12.328#Z#DEBUG#d739ad82-9bf5-11f1-8315-eeee0a991ab8.OPERATION#flowable-async-job-executor-thread-318#
[CreateOrUpdateAppStep] Getting features for application "22d07cc0-425d-441c-8cbb-9456d26e40b2"#
#2026 08 19 17:46:12.353#Z#DEBUG#d739ad82-9bf5-11f1-8315-eeee0a991ab8.OPERATION#flowable-async-job-executor-thread-318#
[CreateOrUpdateAppStep] Updating staging of application "mycapapp-srv" to: {
  "buildpacks" : [ "nodejs_buildpack" ],
  "healthCheckType" : "port",
  "appFeatures" : { }
}#
#2026 08 19 17:46:12.549#Z#DEBUG#d739ad82-9bf5-11f1-8315-eeee0a991ab8.OPERATION#flowable-async-job-executor-thread-318#
[CreateOrUpdateAppStep] Application "mycapapp-srv" updated#
#2026 08 19 17:46:12.549#Z#DEBUG#d739ad82-9bf5-11f1-8315-eeee0a991ab8.OPERATION#flowable-async-job-executor-thread-318#
[CreateOrUpdateAppStep] Getting environment of application "22d07cc0-425d-441c-8cbb-9456d26e40b2"...#
#2026 08 19 17:46:12.613#Z#DEBUG#d739ad82-9bf5-11f1-8315-eeee0a991ab8.OPERATION#flowable-async-job-executor-thread-318#
[CreateOrUpdateAppStep] Application "mycapapp-srv" updated#
#2026 08 19 17:46:12.613#Z#DEBUG#d739ad82-9bf5-11f1-8315-eeee0a991ab8.OPERATION#flowable-async-job-executor-thread-318#
Step "Create App" finished#
#2026 08 19 17:46:12.671#Z#DEBUG#d739ad82-9bf5-11f1-8315-eeee0a991ab8.OPERATION#flowable-async-job-executor-thread-318#
[CheckServiceBindingOperationStep] Executing task "checkForServiceBindingOperationInProgress" of process "de715d65-9bf5-11f1-8315-eeee0a991ab8"...#
#2026 08 19 17:46:12.671#Z#DEBUG#d739ad82-9bf5-11f1-8315-eeee0a991ab8.OPERATION#flowable-async-job-executor-thread-318#
[CheckServiceBindingOperationStep] Checking for service binding operation in progress between app "mycapapp-srv" and service instance "mycapapp-auth"#
#2026 08 19 17:46:12.671#Z#DEBUG#d739ad82-9bf5-11f1-8315-eeee0a991ab8.OPERATION#flowable-async-job-executor-thread-318#
[CheckServiceBindingOperationStep] Getting application guid "mycapapp-srv"...#
#2026 08 19 17:46:12.725#Z#DEBUG#d739ad82-9bf5-11f1-8315-eeee0a991ab8.OPERATION#flowable-async-job-executor-thread-318#
[CheckServiceBindingOperationStep] Getting GUID of required service instance "mycapapp-auth"...#
#2026 08 19 17:46:12.754#Z#DEBUG#d739ad82-9bf5-11f1-8315-eeee0a991ab8.OPERATION#flowable-async-job-executor-thread-318#
[CheckServiceBindingOperationStep] Getting binding of service instance "7356b0a4-2721-4e6b-9527-1522034e7592" with application "22d07cc0-425d-441c-8cbb-9456d26e40b2"...#
#2026 08 19 17:46:12.780#Z#DEBUG#d739ad82-9bf5-11f1-8315-eeee0a991ab8.OPERATION#flowable-async-job-executor-thread-318#
[CheckServiceBindingOperationStep] Service binding operation "c7de411a-3a8d-4075-b9a7-2c888f7df9c4" with type "create" is in state "succeeded"#
#2026 08 19 17:46:12.780#Z#DEBUG#d739ad82-9bf5-11f1-8315-eeee0a991ab8.OPERATION#flowable-async-job-executor-thread-318#
Step "Check For Service Binding Operation In Progress" finished#
#2026 08 19 17:46:12.799#Z#DEBUG#d739ad82-9bf5-11f1-8315-eeee0a991ab8.OPERATION#flowable-async-job-executor-thread-318#
[DetermineApplicationServiceBindingActionsStep] Executing task "determineApplicationServiceBindingActionsTask" of process "de715d65-9bf5-11f1-8315-eeee0a991ab8"...#
#2026 08 19 17:46:12.800#Z#DEBUG#d739ad82-9bf5-11f1-8315-eeee0a991ab8.OPERATION#flowable-async-job-executor-thread-318#
[DetermineApplicationServiceBindingActionsStep] Determine bind/unbind operations of application "mycapapp-srv" to service instance "mycapapp-auth"#
#2026 08 19 17:46:12.800#Z#DEBUG#d739ad82-9bf5-11f1-8315-eeee0a991ab8.OPERATION#flowable-async-job-executor-thread-318#
[DetermineApplicationServiceBindingActionsStep] Getting application "mycapapp-srv"...#
#2026 08 19 17:46:12.839#Z#DEBUG#d739ad82-9bf5-11f1-8315-eeee0a991ab8.OPERATION#flowable-async-job-executor-thread-318#
[DetermineApplicationServiceBindingActionsStep] Binding parameters for application "mycapapp-srv": { }#
#2026 08 19 17:46:12.869#Z#DEBUG#d739ad82-9bf5-11f1-8315-eeee0a991ab8.OPERATION#flowable-async-job-executor-thread-318#
[DetermineApplicationServiceBindingActionsStep] Check should rebind application "mycapapp-srv" and service instance "mycapapp-auth"#
#2026 08 19 17:46:12.869#Z#DEBUG#d739ad82-9bf5-11f1-8315-eeee0a991ab8.OPERATION#flowable-async-job-executor-thread-318#
[DetermineApplicationServiceBindingActionsStep] Getting GUID of required service instance "mycapapp-auth"...#
#2026 08 19 17:46:12.898#Z#DEBUG#d739ad82-9bf5-11f1-8315-eeee0a991ab8.OPERATION#flowable-async-job-executor-thread-318#
[DetermineApplicationServiceBindingActionsStep] Getting binding of service instance "7356b0a4-2721-4e6b-9527-1522034e7592" with application "22d07cc0-425d-441c-8cbb-9456d26e40b2"...#
#2026 08 19 17:46:12.937#Z#DEBUG#d739ad82-9bf5-11f1-8315-eeee0a991ab8.OPERATION#flowable-async-job-executor-thread-318#
[DetermineApplicationServiceBindingActionsStep] Getting parameters of service binding "c7de411a-3a8d-4075-b9a7-2c888f7df9c4"...#
#2026 08 19 17:46:12.967#Z#WARN#d739ad82-9bf5-11f1-8315-eeee0a991ab8.OPERATION#flowable-async-job-executor-thread-318#
[DetermineApplicationServiceBindingActionsStep] Cannot retrieve parameters of binding between application "mycapapp-srv" and service instance "mycapapp-auth"#
#2026 08 19 17:46:12.967#Z#DEBUG#d739ad82-9bf5-11f1-8315-eeee0a991ab8.OPERATION#flowable-async-job-executor-thread-318#
[DetermineApplicationServiceBindingActionsStep] Calculated binding operations between application "mycapapp-srv" and service instance "mycapapp-auth": unbind - true bind - true#
#2026 08 19 17:46:12.967#Z#DEBUG#d739ad82-9bf5-11f1-8315-eeee0a991ab8.OPERATION#flowable-async-job-executor-thread-318#
Step "Determine Application Service Binding Actions" finished#
#2026 08 19 17:46:12.642#Z#DEBUG#d739ad82-9bf5-11f1-8315-eeee0a991ab8.OPERATION#flowable-async-job-executor-thread-181#
[CreateOrUpdateAppStep] Executing task "createAppTask" of process "de45e085-9bf5-11f1-8db9-eeee0a99597d"...#
#2026 08 19 17:46:12.644#Z#DEBUG#d739ad82-9bf5-11f1-8315-eeee0a991ab8.OPERATION#flowable-async-job-executor-thread-181#
[CreateOrUpdateAppStep] Getting application "mycapapp-ui"...#
#2026 08 19 17:46:12.682#Z#INFO#d739ad82-9bf5-11f1-8315-eeee0a991ab8.OPERATION#flowable-async-job-executor-thread-181#
[CreateOrUpdateAppStep] Creating application "mycapapp-ui" from MTA module "mycapapp-ui"...#
#2026 08 19 17:46:12.690#Z#DEBUG#d739ad82-9bf5-11f1-8315-eeee0a991ab8.OPERATION#flowable-async-job-executor-thread-181#
[CreateOrUpdateAppStep] Creating application "mycapapp-ui" with disk "null" memory "null", URIs "7552edf5trial-dev-mycapapp-ui.cfapps.us10-003.hana.ondemand.com" and staging: "{
  "buildpacks" : [ "nodejs_buildpack" ],
  "healthCheckType" : "port",
  "appFeatures" : { }
}"#
#2026 08 19 17:46:13.135#Z#DEBUG#d739ad82-9bf5-11f1-8315-eeee0a991ab8.OPERATION#flowable-async-job-executor-thread-181#
[CreateOrUpdateAppStep] Application "mycapapp-ui" created#
#2026 08 19 17:46:13.135#Z#DEBUG#d739ad82-9bf5-11f1-8315-eeee0a991ab8.OPERATION#flowable-async-job-executor-thread-181#
Step "Create App" finished#
#2026 08 19 17:46:12.989#Z#DEBUG#d739ad82-9bf5-11f1-8315-eeee0a991ab8.OPERATION#flowable-async-job-executor-thread-318#
[UnbindServiceFromApplicationStep] Executing task "unbindServiceFromApplicationTask" of process "de715d65-9bf5-11f1-8315-eeee0a991ab8"...#
#2026 08 19 17:46:12.991#Z#INFO#d739ad82-9bf5-11f1-8315-eeee0a991ab8.OPERATION#flowable-async-job-executor-thread-318#
[UnbindServiceFromApplicationStep] Unbinding service instance "mycapapp-auth" from application "mycapapp-srv"...#
#2026 08 19 17:46:12.994#Z#DEBUG#d739ad82-9bf5-11f1-8315-eeee0a991ab8.OPERATION#flowable-async-job-executor-thread-318#
[UnbindServiceFromApplicationStep] Unbinding application "mycapapp-srv" from service instance "mycapapp-auth"...#
#2026 08 19 17:46:13.189#Z#DEBUG#d739ad82-9bf5-11f1-8315-eeee0a991ab8.OPERATION#flowable-async-job-executor-thread-318#
Step "Unbind Service from Application" finished#
#2026 08 19 17:46:13.235#Z#DEBUG#d739ad82-9bf5-11f1-8315-eeee0a991ab8.OPERATION#flowable-async-job-executor-thread-183#
[CheckServiceBindingOperationStep] Executing task "checkForServiceBindingOperationInProgress" of process "dec4acc3-9bf5-11f1-8db9-eeee0a99597d"...#
#2026 08 19 17:46:13.236#Z#DEBUG#d739ad82-9bf5-11f1-8315-eeee0a991ab8.OPERATION#flowable-async-job-executor-thread-183#
[CheckServiceBindingOperationStep] Checking for service binding operation in progress between app "mycapapp-ui" and service instance "mycapapp-auth"#
#2026 08 19 17:46:13.237#Z#DEBUG#d739ad82-9bf5-11f1-8315-eeee0a991ab8.OPERATION#flowable-async-job-executor-thread-183#
[CheckServiceBindingOperationStep] Getting application guid "mycapapp-ui"...#
#2026 08 19 17:46:13.270#Z#DEBUG#d739ad82-9bf5-11f1-8315-eeee0a991ab8.OPERATION#flowable-async-job-executor-thread-183#
[CheckServiceBindingOperationStep] Getting GUID of required service instance "mycapapp-auth"...#
#2026 08 19 17:46:13.302#Z#DEBUG#d739ad82-9bf5-11f1-8315-eeee0a991ab8.OPERATION#flowable-async-job-executor-thread-183#
[CheckServiceBindingOperationStep] Getting binding of service instance "7356b0a4-2721-4e6b-9527-1522034e7592" with application "9d763cc1-ce91-4508-97f9-61f1cfa90a17"...#
#2026 08 19 17:46:13.326#Z#DEBUG#d739ad82-9bf5-11f1-8315-eeee0a991ab8.OPERATION#flowable-async-job-executor-thread-183#
Step "Check For Service Binding Operation In Progress" finished#
#2026 08 19 17:46:13.361#Z#DEBUG#d739ad82-9bf5-11f1-8315-eeee0a991ab8.OPERATION#flowable-async-job-executor-thread-184#
[DetermineApplicationServiceBindingActionsStep] Executing task "determineApplicationServiceBindingActionsTask" of process "dec4acc3-9bf5-11f1-8db9-eeee0a99597d"...#
#2026 08 19 17:46:13.363#Z#DEBUG#d739ad82-9bf5-11f1-8315-eeee0a991ab8.OPERATION#flowable-async-job-executor-thread-184#
[DetermineApplicationServiceBindingActionsStep] Determine bind/unbind operations of application "mycapapp-ui" to service instance "mycapapp-auth"#
#2026 08 19 17:46:13.363#Z#DEBUG#d739ad82-9bf5-11f1-8315-eeee0a991ab8.OPERATION#flowable-async-job-executor-thread-184#
[DetermineApplicationServiceBindingActionsStep] Getting application "mycapapp-ui"...#
#2026 08 19 17:46:13.404#Z#DEBUG#d739ad82-9bf5-11f1-8315-eeee0a991ab8.OPERATION#flowable-async-job-executor-thread-184#
[DetermineApplicationServiceBindingActionsStep] Binding parameters for application "mycapapp-ui": { }#
#2026 08 19 17:46:13.426#Z#DEBUG#d739ad82-9bf5-11f1-8315-eeee0a991ab8.OPERATION#flowable-async-job-executor-thread-184#
[DetermineApplicationServiceBindingActionsStep] Calculated binding operations between application "mycapapp-ui" and service instance "mycapapp-auth": unbind - false bind - true#
#2026 08 19 17:46:13.426#Z#DEBUG#d739ad82-9bf5-11f1-8315-eeee0a991ab8.OPERATION#flowable-async-job-executor-thread-184#
Step "Determine Application Service Binding Actions" finished#
#2026 08 19 17:46:13.499#Z#DEBUG#d739ad82-9bf5-11f1-8315-eeee0a991ab8.OPERATION#flowable-async-job-executor-thread-312#
[ProcessDescriptorStep] Executing task "reprocessDescriptorTask" of process "deebbd36-9bf5-11f1-8315-eeee0a991ab8"...#
#2026 08 19 17:46:13.500#Z#DEBUG#d739ad82-9bf5-11f1-8315-eeee0a991ab8.OPERATION#flowable-async-job-executor-thread-312#
[ProcessDescriptorStep] Resolving properties and parameters in merged descriptor...#
#2026 08 19 17:46:13.503#Z#DEBUG#d739ad82-9bf5-11f1-8315-eeee0a991ab8.OPERATION#flowable-async-job-executor-thread-312#
[ProcessDescriptorStep] Subscriptions: [ ]#
#2026 08 19 17:46:13.506#Z#DEBUG#d739ad82-9bf5-11f1-8315-eeee0a991ab8.OPERATION#flowable-async-job-executor-thread-312#
[ProcessDescriptorStep] MTA modules: [mycapapp-srv, mycapapp-ui, mycapapp-db-deployer]#
#2026 08 19 17:46:13.508#Z#DEBUG#d739ad82-9bf5-11f1-8315-eeee0a991ab8.OPERATION#flowable-async-job-executor-thread-312#
[ProcessDescriptorStep] Resolved deployment descriptor: {
  "majorSchemaVersion" : 3,
  "schemaVersion" : "3.3.0",
  "id" : "mycapapp",
  "version" : "1.0.0",
  "modules" : [ {
    "majorSchemaVersion" : 3,
    "name" : "mycapapp-ui",
    "type" : "javascript.nodejs",
    "path" : "mycapapp-ui",
    "properties" : { },
    "parameters" : {
      "default-url" : "https://7552edf5trial-dev-mycapapp-ui.cfapps.us10-003.hana.ondemand.com",
      "default-app-name" : "mycapapp-ui",
      "generated-password" : "********",
      "default-live-url" : "https://7552edf5trial-dev-mycapapp-ui.cfapps.us10-003.hana.ondemand.com",
      "default-uri" : "7552edf5trial-dev-mycapapp-ui.cfapps.us10-003.hana.ondemand.com",
      "default-instances" : 1,
      "default-live-host" : "7552edf5trial-dev-mycapapp-ui",
      "instances" : 1,
      "buildpack" : "nodejs_buildpack",
      "default-host" : "7552edf5trial-dev-mycapapp-ui",
      "app-name" : "mycapapp-ui",
      "default-live-uri" : "7552edf5trial-dev-mycapapp-ui.cfapps.us10-003.hana.ondemand.com",
      "protocol" : "https",
      "default-live-app-name" : "mycapapp-ui",
      "default-live-domain" : "cfapps.us10-003.hana.ondemand.com",
      "domain" : "cfapps.us10-003.hana.ondemand.com",
      "host" : "7552edf5trial-dev-mycapapp-ui",
      "generated-user" : "********"
    },
    "requiredDependencies" : [ {
      "majorSchemaVersion" : 3,
      "name" : "********",
      "properties" : { },
      "parameters" : { },
      "propertiesMetadata" : {
        "metadata" : { }
      },
      "parametersMetadata" : {
        "metadata" : { }
      }
    }, {
      "majorSchemaVersion" : 3,
      "name" : "srv-api",
      "group" : "destinations",
      "properties" : {
        "name" : "srv-api",
        "strictSSL" : true,
        "forwardauthToken" : "********",
        "url" : "https://7552edf5trial-dev-mycapapp-srv.cfapps.us10-003.hana.ondemand.com"
      },
      "parameters" : { },
      "propertiesMetadata" : {
        "metadata" : { }
      },
      "parametersMetadata" : {
        "metadata" : { }
      }
    } ],
    "providedDependencies" : [ {
      "majorSchemaVersion" : 3,
      "name" : "mycapapp-ui",
      "isPublic" : false,
      "properties" : { },
      "parameters" : { },
      "propertiesMetadata" : {
        "metadata" : { }
      },
      "parametersMetadata" : {
        "metadata" : { }
      }
    } ],
    "propertiesMetadata" : {
      "metadata" : { }
    },
    "parametersMetadata" : {
      "metadata" : { }
    },
    "hooks" : [ ]
  }, {
    "majorSchemaVersion" : 3,
    "name" : "mycapapp-srv",
    "type" : "javascript.nodejs",
    "path" : "mycapapp-srv",
    "properties" : { },
    "parameters" : {
      "default-url" : "https://7552edf5trial-dev-mycapapp-srv.cfapps.us10-003.hana.ondemand.com",
      "default-app-name" : "mycapapp-srv",
      "generated-password" : "********",
      "default-live-url" : "https://7552edf5trial-dev-mycapapp-srv.cfapps.us10-003.hana.ondemand.com",
      "default-uri" : "7552edf5trial-dev-mycapapp-srv.cfapps.us10-003.hana.ondemand.com",
      "default-instances" : 1,
      "default-live-host" : "7552edf5trial-dev-mycapapp-srv",
      "instances" : 1,
      "buildpack" : "nodejs_buildpack",
      "default-host" : "7552edf5trial-dev-mycapapp-srv",
      "app-name" : "mycapapp-srv",
      "default-live-uri" : "7552edf5trial-dev-mycapapp-srv.cfapps.us10-003.hana.ondemand.com",
      "protocol" : "https",
      "default-live-app-name" : "mycapapp-srv",
      "default-live-domain" : "cfapps.us10-003.hana.ondemand.com",
      "domain" : "cfapps.us10-003.hana.ondemand.com",
      "host" : "7552edf5trial-dev-mycapapp-srv",
      "generated-user" : "********"
    },
    "requiredDependencies" : [ {
      "majorSchemaVersion" : 3,
      "name" : "********",
      "properties" : { },
      "parameters" : { },
      "propertiesMetadata" : {
        "metadata" : { }
      },
      "parametersMetadata" : {
        "metadata" : { }
      }
    }, {
      "majorSchemaVersion" : 3,
      "name" : "mycapapp-db",
      "properties" : { },
      "parameters" : { },
      "propertiesMetadata" : {
        "metadata" : { }
      },
      "parametersMetadata" : {
        "metadata" : { }
      }
    } ],
    "providedDependencies" : [ {
      "majorSchemaVersion" : 3,
      "name" : "srv-api",
      "isPublic" : false,
      "properties" : {
        "srv-url" : "https://7552edf5trial-dev-mycapapp-srv.cfapps.us10-003.hana.ondemand.com"
      },
      "parameters" : { },
      "propertiesMetadata" : {
        "metadata" : { }
      },
      "parametersMetadata" : {
        "metadata" : { }
      }
    }, {
      "majorSchemaVersion" : 3,
      "name" : "mycapapp-srv",
      "isPublic" : false,
      "properties" : { },
      "parameters" : { },
      "propertiesMetadata" : {
        "metadata" : { }
      },
      "parametersMetadata" : {
        "metadata" : { }
      }
    } ],
    "propertiesMetadata" : {
      "metadata" : { }
    },
    "parametersMetadata" : {
      "metadata" : { }
    },
    "hooks" : [ ]
  }, {
    "majorSchemaVersion" : 3,
    "name" : "mycapapp-db-deployer",
    "type" : "com.sap.xs.hdi",
    "path" : "mycapapp-db-deployer",
    "properties" : {
      "EXIT" : 1
    },
    "parameters" : {
      "default-url" : "https://7552edf5trial-dev-mycapapp-db-deployer.cfapps.us10-003.hana.ondemand.com",
      "default-app-name" : "mycapapp-db-deployer",
      "generated-password" : "********",
      "default-live-url" : "https://7552edf5trial-dev-mycapapp-db-deployer.cfapps.us10-003.hana.ondemand.com",
      "default-uri" : "7552edf5trial-dev-mycapapp-db-deployer.cfapps.us10-003.hana.ondemand.com",
      "memory" : "256M",
      "default-instances" : 1,
      "no-route" : true,
      "default-live-host" : "7552edf5trial-dev-mycapapp-db-deployer",
      "instances" : 1,
      "buildpack" : "nodejs_buildpack",
      "default-host" : "7552edf5trial-dev-mycapapp-db-deployer",
      "app-name" : "mycapapp-db-deployer",
      "default-live-uri" : "7552edf5trial-dev-mycapapp-db-deployer.cfapps.us10-003.hana.ondemand.com",
      "protocol" : "https",
      "default-live-app-name" : "mycapapp-db-deployer",
      "default-live-domain" : "cfapps.us10-003.hana.ondemand.com",
      "dependency-type" : "hard",
      "domain" : "cfapps.us10-003.hana.ondemand.com",
      "host" : "7552edf5trial-dev-mycapapp-db-deployer",
      "generated-user" : "********",
      "tasks" : [ {
        "command" : "npm start",
        "memory" : "256M",
        "name" : "deploy"
      } ],
      "no-start" : true
    },
    "requiredDependencies" : [ {
      "majorSchemaVersion" : 3,
      "name" : "mycapapp-db",
      "properties" : { },
      "parameters" : { },
      "propertiesMetadata" : {
        "metadata" : { }
      },
      "parametersMetadata" : {
        "metadata" : { }
      }
    } ],
    "providedDependencies" : [ {
      "majorSchemaVersion" : 3,
      "name" : "mycapapp-db-deployer",
      "isPublic" : false,
      "properties" : { },
      "parameters" : { },
      "propertiesMetadata" : {
        "metadata" : { }
      },
      "parametersMetadata" : {
        "metadata" : { }
      }
    } ],
    "propertiesMetadata" : {
      "metadata" : { }
    },
    "parametersMetadata" : {
      "metadata" : { }
    },
    "hooks" : [ ]
  } ],
  "resources" : [ {
    "majorSchemaVersion" : 3,
    "name" : "********",
    "type" : "org.cloudfoundry.managed-service",
    "properties" : { },
    "parameters" : {
      "generated-password" : "********",
      "path" : "./xs-security.json",
      "service-name" : "********",
      "service-plan" : "application",
      "service" : "xsuaa",
      "generated-user" : "********",
      "default-xsappname" : "********",
      "type" : "managed-service",
      "config" : {
        "oauth2-configuration" : "********",
        "tenant-mode" : "dedicated",
        "xsappname" : "mycapapp-7552edf5trial-dev"
      },
      "default-service-name" : "********",
      "default-container-name" : "********"
    },
    "isActive" : true,
    "isOptional" : false,
    "propertiesMetadata" : {
      "metadata" : { }
    },
    "parametersMetadata" : {
      "metadata" : { }
    },
    "requiredDependencies" : [ ],
    "processedAfter" : [ ]
  }, {
    "majorSchemaVersion" : 3,
    "name" : "mycapapp-db",
    "type" : "com.sap.xs.hdi-container",
    "properties" : { },
    "parameters" : {
      "generated-password" : "********",
      "service-name" : "mycapapp-db",
      "service-plan" : "hdi-shared",
      "service" : "hana",
      "generated-user" : "********",
      "default-xsappname" : "mycapapp-db",
      "type" : "managed-service",
      "default-service-name" : "mycapapp-db",
      "default-container-name" : "7552EDF5TRIAL_DEV_MYCAPAPP_DB"
    },
    "isActive" : true,
    "isOptional" : false,
    "propertiesMetadata" : {
      "metadata" : { }
    },
    "parametersMetadata" : {
      "metadata" : { }
    },
    "requiredDependencies" : [ ],
    "processedAfter" : [ ]
  } ],
  "parameters" : {
    "mta-id" : "mycapapp",
    "authorization-url" : "********",
    "org-guid" : "f947dbd6-c83f-42a2-a7ec-4bf2f722d93b",
    "org" : "7552edf5trial",
    "deploy-target" : "7552edf5trial dev",
    "enable-parallel-deployments" : true,
    "region-primary-domain" : "us10.hana.ondemand.com",
    "space" : "dev",
    "region-domain" : "us10-003.hana.ondemand.com",
    "xs-api-url" : "https://api.cf.us10-003.hana.ondemand.com",
    "deploy-url" : "deploy-service.cfapps.us10-003.hana.ondemand.com",
    "xs-type" : "CF",
    "default-domain" : "cfapps.us10-003.hana.ondemand.com",
    "mta-version" : "1.0.0",
    "xs-auth-url" : "********",
    "space-guid" : "b29d2292-6952-4f26-8288-4fbcf217a78e",
    "user" : "********",
    "controller-url" : "https://api.cf.us10-003.hana.ondemand.com",
    "timestamp" : "20260819174600"
  },
  "parametersMetadata" : {
    "metadata" : { }
  }
}#
#2026 08 19 17:46:13.508#Z#DEBUG#d739ad82-9bf5-11f1-8315-eeee0a991ab8.OPERATION#flowable-async-job-executor-thread-312#
[ProcessDescriptorStep] Merged descriptor properties and parameters resolved#
#2026 08 19 17:46:13.508#Z#DEBUG#d739ad82-9bf5-11f1-8315-eeee0a991ab8.OPERATION#flowable-async-job-executor-thread-312#
Step "Re-Process Descriptor Step" finished#
#2026 08 19 17:46:13.526#Z#DEBUG#d739ad82-9bf5-11f1-8315-eeee0a991ab8.OPERATION#flowable-async-job-executor-thread-312#
[BuildApplicationDeployModelStep] Executing task "buildApplicationDeployModelTask" of process "deebbd36-9bf5-11f1-8315-eeee0a991ab8"...#
#2026 08 19 17:46:13.528#Z#DEBUG#d739ad82-9bf5-11f1-8315-eeee0a991ab8.OPERATION#flowable-async-job-executor-thread-312#
[BuildApplicationDeployModelStep] Building cloud deployment model for application "mycapapp-db-deployer"...#
#2026 08 19 17:46:13.530#Z#DEBUG#d739ad82-9bf5-11f1-8315-eeee0a991ab8.OPERATION#flowable-async-job-executor-thread-312#
[BuildApplicationDeployModelStep] No health-check-type is specified. Setting default type: port#
#2026 08 19 17:46:13.531#Z#INFO#d739ad82-9bf5-11f1-8315-eeee0a991ab8.OPERATION#flowable-async-job-executor-thread-312#
[BuildApplicationDeployModelStep] Building configuration entries for org 7552edf5trial, space dev, spaceId b29d2292-6952-4f26-8288-4fbcf217a78e and namespace null!#
#2026 08 19 17:46:13.531#Z#DEBUG#d739ad82-9bf5-11f1-8315-eeee0a991ab8.OPERATION#flowable-async-job-executor-thread-312#
[BuildApplicationDeployModelStep] Configuration entries to publish: [ ]#
#2026 08 19 17:46:13.531#Z#DEBUG#d739ad82-9bf5-11f1-8315-eeee0a991ab8.OPERATION#flowable-async-job-executor-thread-312#
[BuildApplicationDeployModelStep] Cloud deployment model for application built#
#2026 08 19 17:46:13.531#Z#DEBUG#d739ad82-9bf5-11f1-8315-eeee0a991ab8.OPERATION#flowable-async-job-executor-thread-312#
Step "Build Application Deploy Model" finished#
#2026 08 19 17:46:13.472#Z#DEBUG#d739ad82-9bf5-11f1-8315-eeee0a991ab8.OPERATION#flowable-async-job-executor-thread-313#
[CheckServiceBindingOperationStep] Executing task "checkForServiceBindingOperationInProgress" of process "deea851e-9bf5-11f1-8315-eeee0a991ab8"...#
#2026 08 19 17:46:13.472#Z#DEBUG#d739ad82-9bf5-11f1-8315-eeee0a991ab8.OPERATION#flowable-async-job-executor-thread-313#
[CheckServiceBindingOperationStep] Checking for service binding operation in progress between app "mycapapp-srv" and service instance "mycapapp-db"#
#2026 08 19 17:46:13.473#Z#DEBUG#d739ad82-9bf5-11f1-8315-eeee0a991ab8.OPERATION#flowable-async-job-executor-thread-313#
[CheckServiceBindingOperationStep] Getting application guid "mycapapp-srv"...#
#2026 08 19 17:46:13.509#Z#DEBUG#d739ad82-9bf5-11f1-8315-eeee0a991ab8.OPERATION#flowable-async-job-executor-thread-313#
[CheckServiceBindingOperationStep] Getting GUID of required service instance "mycapapp-db"...#
#2026 08 19 17:46:13.544#Z#DEBUG#d739ad82-9bf5-11f1-8315-eeee0a991ab8.OPERATION#flowable-async-job-executor-thread-313#
[CheckServiceBindingOperationStep] Getting binding of service instance "7db7db11-9c71-4c62-b4d2-8f69d9b09685" with application "22d07cc0-425d-441c-8cbb-9456d26e40b2"...#
#2026 08 19 17:46:13.582#Z#DEBUG#d739ad82-9bf5-11f1-8315-eeee0a991ab8.OPERATION#flowable-async-job-executor-thread-313#
[CheckServiceBindingOperationStep] Service binding operation "1e615abc-4c81-444f-a470-c3c611cbfc09" with type "create" is in state "succeeded"#
#2026 08 19 17:46:13.582#Z#DEBUG#d739ad82-9bf5-11f1-8315-eeee0a991ab8.OPERATION#flowable-async-job-executor-thread-313#
Step "Check For Service Binding Operation In Progress" finished#
#2026 08 19 17:46:13.470#Z#DEBUG#d739ad82-9bf5-11f1-8315-eeee0a991ab8.OPERATION#flowable-async-job-executor-thread-184#
[BindServiceToApplicationStep] Executing task "bindServiceToApplicationTask" of process "dec4acc3-9bf5-11f1-8db9-eeee0a99597d"...#
#2026 08 19 17:46:13.473#Z#INFO#d739ad82-9bf5-11f1-8315-eeee0a991ab8.OPERATION#flowable-async-job-executor-thread-184#
[BindServiceToApplicationStep] Binding service instance "mycapapp-auth" to application "mycapapp-ui"...#
#2026 08 19 17:46:13.480#Z#DEBUG#d739ad82-9bf5-11f1-8315-eeee0a991ab8.OPERATION#flowable-async-job-executor-thread-184#
[BindServiceToApplicationStep] Binding service instance "mycapapp-auth" to application "mycapapp-ui" with parameters: { }#
#2026 08 19 17:46:13.596#Z#DEBUG#d739ad82-9bf5-11f1-8315-eeee0a991ab8.OPERATION#flowable-async-job-executor-thread-184#
Step "Bind Service to Application" finished#
#2026 08 19 17:46:13.553#Z#DEBUG#d739ad82-9bf5-11f1-8315-eeee0a991ab8.OPERATION#flowable-async-job-executor-thread-312#
[CreateOrUpdateAppStep] Executing task "createAppTask" of process "deebbd36-9bf5-11f1-8315-eeee0a991ab8"...#
#2026 08 19 17:46:13.554#Z#DEBUG#d739ad82-9bf5-11f1-8315-eeee0a991ab8.OPERATION#flowable-async-job-executor-thread-312#
[CreateOrUpdateAppStep] Getting application "mycapapp-db-deployer"...#
#2026 08 19 17:46:13.586#Z#INFO#d739ad82-9bf5-11f1-8315-eeee0a991ab8.OPERATION#flowable-async-job-executor-thread-312#
[CreateOrUpdateAppStep] Updating application "mycapapp-db-deployer"...#
#2026 08 19 17:46:13.590#Z#DEBUG#d739ad82-9bf5-11f1-8315-eeee0a991ab8.OPERATION#flowable-async-job-executor-thread-312#
[CreateOrUpdateAppStep] Getting process for application "226dcc0b-a6a8-45c3-833a-d67d2c896271"...#
#2026 08 19 17:46:13.622#Z#DEBUG#d739ad82-9bf5-11f1-8315-eeee0a991ab8.OPERATION#flowable-async-job-executor-thread-312#
[CreateOrUpdateAppStep] Getting routes for application "226dcc0b-a6a8-45c3-833a-d67d2c896271"...#
#2026 08 19 17:46:13.643#Z#DEBUG#d739ad82-9bf5-11f1-8315-eeee0a991ab8.OPERATION#flowable-async-job-executor-thread-312#
[CreateOrUpdateAppStep] Getting features for application "226dcc0b-a6a8-45c3-833a-d67d2c896271"#
#2026 08 19 17:46:13.666#Z#DEBUG#d739ad82-9bf5-11f1-8315-eeee0a991ab8.OPERATION#flowable-async-job-executor-thread-312#
[CreateOrUpdateAppStep] Updating staging of application "mycapapp-db-deployer" to: {
  "buildpacks" : [ "nodejs_buildpack" ],
  "healthCheckType" : "port",
  "appFeatures" : { }
}#
#2026 08 19 17:46:13.837#Z#DEBUG#d739ad82-9bf5-11f1-8315-eeee0a991ab8.OPERATION#flowable-async-job-executor-thread-312#
[CreateOrUpdateAppStep] Application "mycapapp-db-deployer" updated#
#2026 08 19 17:46:13.837#Z#DEBUG#d739ad82-9bf5-11f1-8315-eeee0a991ab8.OPERATION#flowable-async-job-executor-thread-312#
[CreateOrUpdateAppStep] Getting environment of application "226dcc0b-a6a8-45c3-833a-d67d2c896271"...#
#2026 08 19 17:46:13.900#Z#DEBUG#d739ad82-9bf5-11f1-8315-eeee0a991ab8.OPERATION#flowable-async-job-executor-thread-312#
[CreateOrUpdateAppStep] Application "mycapapp-db-deployer" updated#
#2026 08 19 17:46:13.900#Z#DEBUG#d739ad82-9bf5-11f1-8315-eeee0a991ab8.OPERATION#flowable-async-job-executor-thread-312#
Step "Create App" finished#
#2026 08 19 17:46:13.601#Z#DEBUG#d739ad82-9bf5-11f1-8315-eeee0a991ab8.OPERATION#flowable-async-job-executor-thread-313#
[DetermineApplicationServiceBindingActionsStep] Executing task "determineApplicationServiceBindingActionsTask" of process "deea851e-9bf5-11f1-8315-eeee0a991ab8"...#
#2026 08 19 17:46:13.602#Z#DEBUG#d739ad82-9bf5-11f1-8315-eeee0a991ab8.OPERATION#flowable-async-job-executor-thread-313#
[DetermineApplicationServiceBindingActionsStep] Determine bind/unbind operations of application "mycapapp-srv" to service instance "mycapapp-db"#
#2026 08 19 17:46:13.602#Z#DEBUG#d739ad82-9bf5-11f1-8315-eeee0a991ab8.OPERATION#flowable-async-job-executor-thread-313#
[DetermineApplicationServiceBindingActionsStep] Getting application "mycapapp-srv"...#
#2026 08 19 17:46:13.633#Z#DEBUG#d739ad82-9bf5-11f1-8315-eeee0a991ab8.OPERATION#flowable-async-job-executor-thread-313#
[DetermineApplicationServiceBindingActionsStep] Binding parameters for application "mycapapp-srv": { }#
#2026 08 19 17:46:13.663#Z#DEBUG#d739ad82-9bf5-11f1-8315-eeee0a991ab8.OPERATION#flowable-async-job-executor-thread-313#
[DetermineApplicationServiceBindingActionsStep] Check should rebind application "mycapapp-srv" and service instance "mycapapp-db"#
#2026 08 19 17:46:13.663#Z#DEBUG#d739ad82-9bf5-11f1-8315-eeee0a991ab8.OPERATION#flowable-async-job-executor-thread-313#
[DetermineApplicationServiceBindingActionsStep] Getting GUID of required service instance "mycapapp-db"...#
#2026 08 19 17:46:13.694#Z#DEBUG#d739ad82-9bf5-11f1-8315-eeee0a991ab8.OPERATION#flowable-async-job-executor-thread-313#
[DetermineApplicationServiceBindingActionsStep] Getting binding of service instance "7db7db11-9c71-4c62-b4d2-8f69d9b09685" with application "22d07cc0-425d-441c-8cbb-9456d26e40b2"...#
#2026 08 19 17:46:13.726#Z#DEBUG#d739ad82-9bf5-11f1-8315-eeee0a991ab8.OPERATION#flowable-async-job-executor-thread-313#
[DetermineApplicationServiceBindingActionsStep] Getting parameters of service binding "1e615abc-4c81-444f-a470-c3c611cbfc09"...#
#2026 08 19 17:46:13.920#Z#INFO#d739ad82-9bf5-11f1-8315-eeee0a991ab8.OPERATION#flowable-async-job-executor-thread-313#
[DetermineApplicationServiceBindingActionsStep] Service instance "mycapapp-db" will not be rebound to application "mycapapp-srv" because the binding parameters are not modified#
#2026 08 19 17:46:13.923#Z#DEBUG#d739ad82-9bf5-11f1-8315-eeee0a991ab8.OPERATION#flowable-async-job-executor-thread-313#
[DetermineApplicationServiceBindingActionsStep] Calculated binding operations between application "mycapapp-srv" and service instance "mycapapp-db": unbind - false bind - false#
#2026 08 19 17:46:13.923#Z#DEBUG#d739ad82-9bf5-11f1-8315-eeee0a991ab8.OPERATION#flowable-async-job-executor-thread-313#
Step "Determine Application Service Binding Actions" finished#
#2026 08 19 17:46:13.959#Z#DEBUG#d739ad82-9bf5-11f1-8315-eeee0a991ab8.OPERATION#flowable-async-job-executor-thread-312#
[CheckServiceBindingOperationStep] Executing task "checkForServiceBindingOperationInProgress" of process "df360c25-9bf5-11f1-8315-eeee0a991ab8"...#
#2026 08 19 17:46:13.959#Z#DEBUG#d739ad82-9bf5-11f1-8315-eeee0a991ab8.OPERATION#flowable-async-job-executor-thread-312#
[CheckServiceBindingOperationStep] Checking for service binding operation in progress between app "mycapapp-db-deployer" and service instance "mycapapp-db"#
#2026 08 19 17:46:13.959#Z#DEBUG#d739ad82-9bf5-11f1-8315-eeee0a991ab8.OPERATION#flowable-async-job-executor-thread-312#
[CheckServiceBindingOperationStep] Getting application guid "mycapapp-db-deployer"...#
#2026 08 19 17:46:13.990#Z#DEBUG#d739ad82-9bf5-11f1-8315-eeee0a991ab8.OPERATION#flowable-async-job-executor-thread-312#
[CheckServiceBindingOperationStep] Getting GUID of required service instance "mycapapp-db"...#
#2026 08 19 17:46:14.019#Z#DEBUG#d739ad82-9bf5-11f1-8315-eeee0a991ab8.OPERATION#flowable-async-job-executor-thread-312#
[CheckServiceBindingOperationStep] Getting binding of service instance "7db7db11-9c71-4c62-b4d2-8f69d9b09685" with application "226dcc0b-a6a8-45c3-833a-d67d2c896271"...#
#2026 08 19 17:46:14.052#Z#DEBUG#d739ad82-9bf5-11f1-8315-eeee0a991ab8.OPERATION#flowable-async-job-executor-thread-312#
[CheckServiceBindingOperationStep] Service binding operation "d68bb891-bcad-4920-bf4a-31d2dd88edac" with type "create" is in state "succeeded"#
#2026 08 19 17:46:14.052#Z#DEBUG#d739ad82-9bf5-11f1-8315-eeee0a991ab8.OPERATION#flowable-async-job-executor-thread-312#
Step "Check For Service Binding Operation In Progress" finished#
#2026 08 19 17:46:14.069#Z#DEBUG#d739ad82-9bf5-11f1-8315-eeee0a991ab8.OPERATION#flowable-async-job-executor-thread-312#
[DetermineApplicationServiceBindingActionsStep] Executing task "determineApplicationServiceBindingActionsTask" of process "df360c25-9bf5-11f1-8315-eeee0a991ab8"...#
#2026 08 19 17:46:14.070#Z#DEBUG#d739ad82-9bf5-11f1-8315-eeee0a991ab8.OPERATION#flowable-async-job-executor-thread-312#
[DetermineApplicationServiceBindingActionsStep] Determine bind/unbind operations of application "mycapapp-db-deployer" to service instance "mycapapp-db"#
#2026 08 19 17:46:14.070#Z#DEBUG#d739ad82-9bf5-11f1-8315-eeee0a991ab8.OPERATION#flowable-async-job-executor-thread-312#
[DetermineApplicationServiceBindingActionsStep] Getting application "mycapapp-db-deployer"...#
#2026 08 19 17:46:14.105#Z#DEBUG#d739ad82-9bf5-11f1-8315-eeee0a991ab8.OPERATION#flowable-async-job-executor-thread-312#
[DetermineApplicationServiceBindingActionsStep] Binding parameters for application "mycapapp-db-deployer": { }#
#2026 08 19 17:46:14.136#Z#DEBUG#d739ad82-9bf5-11f1-8315-eeee0a991ab8.OPERATION#flowable-async-job-executor-thread-312#
[DetermineApplicationServiceBindingActionsStep] Check should rebind application "mycapapp-db-deployer" and service instance "mycapapp-db"#
#2026 08 19 17:46:14.136#Z#DEBUG#d739ad82-9bf5-11f1-8315-eeee0a991ab8.OPERATION#flowable-async-job-executor-thread-312#
[DetermineApplicationServiceBindingActionsStep] Getting GUID of required service instance "mycapapp-db"...#
#2026 08 19 17:46:14.161#Z#DEBUG#d739ad82-9bf5-11f1-8315-eeee0a991ab8.OPERATION#flowable-async-job-executor-thread-312#
[DetermineApplicationServiceBindingActionsStep] Getting binding of service instance "7db7db11-9c71-4c62-b4d2-8f69d9b09685" with application "226dcc0b-a6a8-45c3-833a-d67d2c896271"...#
#2026 08 19 17:46:14.200#Z#DEBUG#d739ad82-9bf5-11f1-8315-eeee0a991ab8.OPERATION#flowable-async-job-executor-thread-312#
[DetermineApplicationServiceBindingActionsStep] Getting parameters of service binding "d68bb891-bcad-4920-bf4a-31d2dd88edac"...#
#2026 08 19 17:46:14.370#Z#INFO#d739ad82-9bf5-11f1-8315-eeee0a991ab8.OPERATION#flowable-async-job-executor-thread-312#
[DetermineApplicationServiceBindingActionsStep] Service instance "mycapapp-db" will not be rebound to application "mycapapp-db-deployer" because the binding parameters are not modified#
#2026 08 19 17:46:14.374#Z#DEBUG#d739ad82-9bf5-11f1-8315-eeee0a991ab8.OPERATION#flowable-async-job-executor-thread-312#
[DetermineApplicationServiceBindingActionsStep] Calculated binding operations between application "mycapapp-db-deployer" and service instance "mycapapp-db": unbind - false bind - false#
#2026 08 19 17:46:14.374#Z#DEBUG#d739ad82-9bf5-11f1-8315-eeee0a991ab8.OPERATION#flowable-async-job-executor-thread-312#
Step "Determine Application Service Binding Actions" finished#
#2026 08 19 17:46:14.450#Z#DEBUG#d739ad82-9bf5-11f1-8315-eeee0a991ab8.OPERATION#flowable-async-job-executor-thread-312#
[DetermineVcapServicesPropertiesChangedStep] Executing task "determineVcapServicesPropertiesChangedTask" of process "df7f714f-9bf5-11f1-8315-eeee0a991ab8"...#
#2026 08 19 17:46:14.451#Z#DEBUG#d739ad82-9bf5-11f1-8315-eeee0a991ab8.OPERATION#flowable-async-job-executor-thread-312#
[DetermineVcapServicesPropertiesChangedStep] VCAP_SERVICES properties for application "mycapapp-db-deployer" changed: false#
#2026 08 19 17:46:14.451#Z#DEBUG#d739ad82-9bf5-11f1-8315-eeee0a991ab8.OPERATION#flowable-async-job-executor-thread-312#
Step "Determine vcap services properties changed" finished#
#2026 08 19 17:46:14.469#Z#DEBUG#d739ad82-9bf5-11f1-8315-eeee0a991ab8.OPERATION#flowable-async-job-executor-thread-312#
[UploadAppStep] Executing task "uploadAppTask" of process "df7f714f-9bf5-11f1-8315-eeee0a991ab8"...#
#2026 08 19 17:46:14.469#Z#DEBUG#d739ad82-9bf5-11f1-8315-eeee0a991ab8.OPERATION#flowable-async-job-executor-thread-312#
[UploadAppStep] Application upload timeout is default one: 3,600 seconds#
#2026 08 19 17:46:14.470#Z#INFO#d739ad82-9bf5-11f1-8315-eeee0a991ab8.OPERATION#flowable-async-job-executor-thread-312#
[UploadAppStep] Uploading application "mycapapp-db-deployer"...#
#2026 08 19 17:46:14.475#Z#DEBUG#d739ad82-9bf5-11f1-8315-eeee0a991ab8.OPERATION#flowable-async-job-executor-thread-312#
[UploadAppStep] Getting application "mycapapp-db-deployer"...#
#2026 08 19 17:46:14.508#Z#DEBUG#d739ad82-9bf5-11f1-8315-eeee0a991ab8.OPERATION#flowable-async-job-executor-thread-312#
[UploadAppStep] Getting environment of application "226dcc0b-a6a8-45c3-833a-d67d2c896271"...#
#2026 08 19 17:46:14.537#Z#INFO#d739ad82-9bf5-11f1-8315-eeee0a991ab8.OPERATION#flowable-async-job-executor-thread-312#
[UploadAppStep] Calculating application digest: "mycapapp-db-deployer"#
#2026 08 19 17:46:14.697#Z#DEBUG#d739ad82-9bf5-11f1-8315-eeee0a991ab8.OPERATION#flowable-async-job-executor-thread-312#
Step "Upload App" finished#
#2026 08 19 17:46:21.765#Z#DEBUG#d739ad82-9bf5-11f1-8315-eeee0a991ab8.OPERATION#flowable-async-job-executor-thread-324#
[BindServiceToApplicationStep] Executing task "bindServiceToApplicationTask" of process "dec4acc3-9bf5-11f1-8db9-eeee0a99597d"...#
#2026 08 19 17:46:21.766#Z#DEBUG#d739ad82-9bf5-11f1-8315-eeee0a991ab8.OPERATION#flowable-async-job-executor-thread-324#
[BindServiceToApplicationStep] Getting async job "aee3dfac-0715-4fef-bd05-540c9a399a08"#
#2026 08 19 17:46:21.785#Z#DEBUG#d739ad82-9bf5-11f1-8315-eeee0a991ab8.OPERATION#flowable-async-job-executor-thread-324#
[BindServiceToApplicationStep] Getting service instance "mycapapp-auth"...#
#2026 08 19 17:46:21.861#Z#DEBUG#d739ad82-9bf5-11f1-8315-eeee0a991ab8.OPERATION#flowable-async-job-executor-thread-324#
[BindServiceToApplicationStep] Async service binding operation with id "aee3dfac-0715-4fef-bd05-540c9a399a08" finished#
#2026 08 19 17:46:21.862#Z#DEBUG#d739ad82-9bf5-11f1-8315-eeee0a991ab8.OPERATION#flowable-async-job-executor-thread-324#
Step "Bind Service to Application" finished#
#2026 08 19 17:46:21.761#Z#DEBUG#d739ad82-9bf5-11f1-8315-eeee0a991ab8.OPERATION#flowable-async-job-executor-thread-322#
[UnbindServiceFromApplicationStep] Executing task "unbindServiceFromApplicationTask" of process "de715d65-9bf5-11f1-8315-eeee0a991ab8"...#
#2026 08 19 17:46:21.762#Z#DEBUG#d739ad82-9bf5-11f1-8315-eeee0a991ab8.OPERATION#flowable-async-job-executor-thread-322#
[UnbindServiceFromApplicationStep] Getting async job "2f6449bf-9c4f-4e26-a877-08743be1a8ea"#
#2026 08 19 17:46:21.784#Z#DEBUG#d739ad82-9bf5-11f1-8315-eeee0a991ab8.OPERATION#flowable-async-job-executor-thread-322#
[UnbindServiceFromApplicationStep] Getting service instance "mycapapp-auth"...#
#2026 08 19 17:46:21.869#Z#DEBUG#d739ad82-9bf5-11f1-8315-eeee0a991ab8.OPERATION#flowable-async-job-executor-thread-322#
[UnbindServiceFromApplicationStep] Async service binding operation with id "2f6449bf-9c4f-4e26-a877-08743be1a8ea" finished#
#2026 08 19 17:46:21.871#Z#DEBUG#d739ad82-9bf5-11f1-8315-eeee0a991ab8.OPERATION#flowable-async-job-executor-thread-322#
Step "Unbind Service from Application" finished#
#2026 08 19 17:46:21.933#Z#DEBUG#d739ad82-9bf5-11f1-8315-eeee0a991ab8.OPERATION#flowable-async-job-executor-thread-325#
[DetermineVcapServicesPropertiesChangedStep] Executing task "determineVcapServicesPropertiesChangedTask" of process "e3f5b78d-9bf5-11f1-8315-eeee0a991ab8"...#
#2026 08 19 17:46:21.933#Z#DEBUG#d739ad82-9bf5-11f1-8315-eeee0a991ab8.OPERATION#flowable-async-job-executor-thread-325#
[DetermineVcapServicesPropertiesChangedStep] VCAP_SERVICES properties for application "mycapapp-ui" changed: true#
#2026 08 19 17:46:21.934#Z#DEBUG#d739ad82-9bf5-11f1-8315-eeee0a991ab8.OPERATION#flowable-async-job-executor-thread-325#
Step "Determine vcap services properties changed" finished#
#2026 08 19 17:46:21.891#Z#DEBUG#d739ad82-9bf5-11f1-8315-eeee0a991ab8.OPERATION#flowable-async-job-executor-thread-326#
[BindServiceToApplicationStep] Executing task "bindServiceToApplicationTask" of process "de715d65-9bf5-11f1-8315-eeee0a991ab8"...#
#2026 08 19 17:46:21.892#Z#INFO#d739ad82-9bf5-11f1-8315-eeee0a991ab8.OPERATION#flowable-async-job-executor-thread-326#
[BindServiceToApplicationStep] Binding service instance "mycapapp-auth" to application "mycapapp-srv"...#
#2026 08 19 17:46:21.896#Z#DEBUG#d739ad82-9bf5-11f1-8315-eeee0a991ab8.OPERATION#flowable-async-job-executor-thread-326#
[BindServiceToApplicationStep] Binding service instance "mycapapp-auth" to application "mycapapp-srv" with parameters: { }#
#2026 08 19 17:46:22.029#Z#DEBUG#d739ad82-9bf5-11f1-8315-eeee0a991ab8.OPERATION#flowable-async-job-executor-thread-326#
Step "Bind Service to Application" finished#
#2026 08 19 17:46:21.766#Z#DEBUG#d739ad82-9bf5-11f1-8315-eeee0a991ab8.OPERATION#flowable-async-job-executor-thread-323#
[UploadAppStep] Executing task "uploadAppTask" of process "df7f714f-9bf5-11f1-8315-eeee0a991ab8"...#
#2026 08 19 17:46:21.767#Z#DEBUG#d739ad82-9bf5-11f1-8315-eeee0a991ab8.OPERATION#flowable-async-job-executor-thread-323#
[UploadAppStep] Application upload timeout is default one: 3,600 seconds#
#2026 08 19 17:46:21.769#Z#DEBUG#d739ad82-9bf5-11f1-8315-eeee0a991ab8.OPERATION#pool-20-thread-5#
[UploadAppStep] Upload of application: mycapapp-db-deployer started on instance: 2#
#2026 08 19 17:46:21.769#Z#DEBUG#d739ad82-9bf5-11f1-8315-eeee0a991ab8.OPERATION#pool-20-thread-5#
[UploadAppStep] Uploading file "mycapapp-db-deployer/data.zip" for application "mycapapp-db-deployer"#
#2026 08 19 17:46:21.892#Z#INFO#d739ad82-9bf5-11f1-8315-eeee0a991ab8.OPERATION#pool-20-thread-5#
[UploadAppStep] Time elapsed for app binary download: 122 in millis#
#2026 08 19 17:46:21.892#Z#INFO#d739ad82-9bf5-11f1-8315-eeee0a991ab8.OPERATION#pool-20-thread-5#
[UploadAppStep] Size of app mycapapp-db-deployer is 2,535,794 bytes#
#2026 08 19 17:46:21.892#Z#DEBUG#d739ad82-9bf5-11f1-8315-eeee0a991ab8.OPERATION#pool-20-thread-5#
[UploadAppStep] Asynchronously uploading binaries for application "mycapapp-db-deployer"...#
#2026 08 19 17:46:21.949#Z#DEBUG#d739ad82-9bf5-11f1-8315-eeee0a991ab8.OPERATION#flowable-async-job-executor-thread-325#
[UploadAppStep] Executing task "uploadAppTask" of process "e3f5b78d-9bf5-11f1-8315-eeee0a991ab8"...#
#2026 08 19 17:46:21.950#Z#DEBUG#d739ad82-9bf5-11f1-8315-eeee0a991ab8.OPERATION#flowable-async-job-executor-thread-325#
[UploadAppStep] Application upload timeout is default one: 3,600 seconds#
#2026 08 19 17:46:21.950#Z#INFO#d739ad82-9bf5-11f1-8315-eeee0a991ab8.OPERATION#flowable-async-job-executor-thread-325#
[UploadAppStep] Uploading application "mycapapp-ui"...#
#2026 08 19 17:46:21.954#Z#DEBUG#d739ad82-9bf5-11f1-8315-eeee0a991ab8.OPERATION#flowable-async-job-executor-thread-325#
[UploadAppStep] Getting application "mycapapp-ui"...#
#2026 08 19 17:46:21.990#Z#DEBUG#d739ad82-9bf5-11f1-8315-eeee0a991ab8.OPERATION#flowable-async-job-executor-thread-325#
[UploadAppStep] Getting environment of application "9d763cc1-ce91-4508-97f9-61f1cfa90a17"...#
#2026 08 19 17:46:22.024#Z#INFO#d739ad82-9bf5-11f1-8315-eeee0a991ab8.OPERATION#flowable-async-job-executor-thread-325#
[UploadAppStep] Calculating application digest: "mycapapp-ui"#
#2026 08 19 17:46:22.109#Z#INFO#d739ad82-9bf5-11f1-8315-eeee0a991ab8.OPERATION#pool-20-thread-5#
[UploadAppStep] Started async upload of application "mycapapp-db-deployer"#
#2026 08 19 17:46:22.113#Z#INFO#d739ad82-9bf5-11f1-8315-eeee0a991ab8.OPERATION#flowable-async-job-executor-thread-323#
[UploadAppStep] Time elapsed for upload: 345 in millis#
#2026 08 19 17:46:22.113#Z#DEBUG#d739ad82-9bf5-11f1-8315-eeee0a991ab8.OPERATION#flowable-async-job-executor-thread-323#
[UploadAppStep] Getting application "mycapapp-db-deployer"...#
#2026 08 19 17:46:22.138#Z#DEBUG#d739ad82-9bf5-11f1-8315-eeee0a991ab8.OPERATION#App upload monitor: ad66abe2-ad13-42cd-9732-fed51134f586#
[UploadAppStep] Upload status: PROCESSING_UPLOAD#
#2026 08 19 17:46:22.139#Z#DEBUG#d739ad82-9bf5-11f1-8315-eeee0a991ab8.OPERATION#flowable-async-job-executor-thread-323#
[UploadAppStep] Getting environment of application "226dcc0b-a6a8-45c3-833a-d67d2c896271"...#
#2026 08 19 17:46:22.144#Z#DEBUG#d739ad82-9bf5-11f1-8315-eeee0a991ab8.OPERATION#flowable-async-job-executor-thread-325#
Step "Upload App" finished#
#2026 08 19 17:46:22.174#Z#DEBUG#d739ad82-9bf5-11f1-8315-eeee0a991ab8.OPERATION#flowable-async-job-executor-thread-323#
[UploadAppStep] Updating environment of application "mycapapp-db-deployer"#
#2026 08 19 17:46:22.268#Z#DEBUG#d739ad82-9bf5-11f1-8315-eeee0a991ab8.OPERATION#flowable-async-job-executor-thread-323#
Step "Upload App" finished#
#2026 08 19 17:46:27.166#Z#DEBUG#d739ad82-9bf5-11f1-8315-eeee0a991ab8.OPERATION#App upload monitor: ad66abe2-ad13-42cd-9732-fed51134f586#
[UploadAppStep] Upload status: READY#
#2026 08 19 17:46:31.768#Z#DEBUG#d739ad82-9bf5-11f1-8315-eeee0a991ab8.OPERATION#flowable-async-job-executor-thread-330#
[UploadAppStep] Executing task "uploadAppTask" of process "e3f5b78d-9bf5-11f1-8315-eeee0a991ab8"...#
#2026 08 19 17:46:31.769#Z#DEBUG#d739ad82-9bf5-11f1-8315-eeee0a991ab8.OPERATION#flowable-async-job-executor-thread-330#
[UploadAppStep] Application upload timeout is default one: 3,600 seconds#
#2026 08 19 17:46:31.772#Z#DEBUG#d739ad82-9bf5-11f1-8315-eeee0a991ab8.OPERATION#pool-20-thread-6#
[UploadAppStep] Upload of application: mycapapp-ui started on instance: 2#
#2026 08 19 17:46:31.772#Z#DEBUG#d739ad82-9bf5-11f1-8315-eeee0a991ab8.OPERATION#pool-20-thread-6#
[UploadAppStep] Uploading file "mycapapp-ui/data.zip" for application "mycapapp-ui"#
#2026 08 19 17:46:31.773#Z#DEBUG#d739ad82-9bf5-11f1-8315-eeee0a991ab8.OPERATION#flowable-async-job-executor-thread-332#
[UploadAppStep] Executing task "uploadAppTask" of process "df7f714f-9bf5-11f1-8315-eeee0a991ab8"...#
#2026 08 19 17:46:31.774#Z#DEBUG#d739ad82-9bf5-11f1-8315-eeee0a991ab8.OPERATION#flowable-async-job-executor-thread-332#
[UploadAppStep] Application upload timeout is default one: 3,600 seconds#
#2026 08 19 17:46:31.774#Z#DEBUG#d739ad82-9bf5-11f1-8315-eeee0a991ab8.OPERATION#flowable-async-job-executor-thread-332#
[UploadAppStep] Checking upload status of application "mycapapp-db-deployer"...#
#2026 08 19 17:46:31.775#Z#DEBUG#d739ad82-9bf5-11f1-8315-eeee0a991ab8.OPERATION#flowable-async-job-executor-thread-332#
[UploadAppStep] Getting package "ad66abe2-ad13-42cd-9732-fed51134f586"...#
#2026 08 19 17:46:31.807#Z#DEBUG#d739ad82-9bf5-11f1-8315-eeee0a991ab8.OPERATION#flowable-async-job-executor-thread-332#
[UploadAppStep] Application "mycapapp-db-deployer" uploaded#
#2026 08 19 17:46:31.807#Z#DEBUG#d739ad82-9bf5-11f1-8315-eeee0a991ab8.OPERATION#flowable-async-job-executor-thread-332#
Step "Upload App" finished#
#2026 08 19 17:46:31.769#Z#DEBUG#d739ad82-9bf5-11f1-8315-eeee0a991ab8.OPERATION#flowable-async-job-executor-thread-331#
[BindServiceToApplicationStep] Executing task "bindServiceToApplicationTask" of process "de715d65-9bf5-11f1-8315-eeee0a991ab8"...#
#2026 08 19 17:46:31.769#Z#DEBUG#d739ad82-9bf5-11f1-8315-eeee0a991ab8.OPERATION#flowable-async-job-executor-thread-331#
[BindServiceToApplicationStep] Getting async job "4f09f31a-23be-45b8-be85-4fe75ce9e3f2"#
#2026 08 19 17:46:31.797#Z#DEBUG#d739ad82-9bf5-11f1-8315-eeee0a991ab8.OPERATION#flowable-async-job-executor-thread-331#
[BindServiceToApplicationStep] Getting service instance "mycapapp-auth"...#
#2026 08 19 17:46:31.907#Z#DEBUG#d739ad82-9bf5-11f1-8315-eeee0a991ab8.OPERATION#flowable-async-job-executor-thread-331#
[BindServiceToApplicationStep] Async service binding operation with id "4f09f31a-23be-45b8-be85-4fe75ce9e3f2" finished#
#2026 08 19 17:46:31.907#Z#DEBUG#d739ad82-9bf5-11f1-8315-eeee0a991ab8.OPERATION#flowable-async-job-executor-thread-331#
Step "Bind Service to Application" finished#
#2026 08 19 17:46:31.827#Z#DEBUG#d739ad82-9bf5-11f1-8315-eeee0a991ab8.OPERATION#flowable-async-job-executor-thread-333#
[ScaleAppStep] Executing task "scaleAppTask" of process "df7f714f-9bf5-11f1-8315-eeee0a991ab8"...#
#2026 08 19 17:46:31.852#Z#DEBUG#d739ad82-9bf5-11f1-8315-eeee0a991ab8.OPERATION#flowable-async-job-executor-thread-333#
[ScaleAppStep] Scaling application "mycapapp-db-deployer"...#
#2026 08 19 17:46:31.852#Z#DEBUG#d739ad82-9bf5-11f1-8315-eeee0a991ab8.OPERATION#flowable-async-job-executor-thread-333#
[ScaleAppStep] Getting application guid "mycapapp-db-deployer"...#
#2026 08 19 17:46:31.884#Z#DEBUG#d739ad82-9bf5-11f1-8315-eeee0a991ab8.OPERATION#flowable-async-job-executor-thread-333#
[ScaleAppStep] Getting process for application "226dcc0b-a6a8-45c3-833a-d67d2c896271"...#
#2026 08 19 17:46:31.923#Z#DEBUG#d739ad82-9bf5-11f1-8315-eeee0a991ab8.OPERATION#flowable-async-job-executor-thread-333#
[ScaleAppStep] Application "mycapapp-db-deployer" scaled#
#2026 08 19 17:46:31.923#Z#DEBUG#d739ad82-9bf5-11f1-8315-eeee0a991ab8.OPERATION#flowable-async-job-executor-thread-333#
Step "Scale App" finished#
#2026 08 19 17:46:31.974#Z#DEBUG#d739ad82-9bf5-11f1-8315-eeee0a991ab8.OPERATION#flowable-async-job-executor-thread-334#
[DetermineVcapServicesPropertiesChangedStep] Executing task "determineVcapServicesPropertiesChangedTask" of process "e9f22882-9bf5-11f1-8315-eeee0a991ab8"...#
#2026 08 19 17:46:31.975#Z#DEBUG#d739ad82-9bf5-11f1-8315-eeee0a991ab8.OPERATION#flowable-async-job-executor-thread-334#
[DetermineVcapServicesPropertiesChangedStep] VCAP_SERVICES properties for application "mycapapp-srv" changed: true#
#2026 08 19 17:46:31.975#Z#DEBUG#d739ad82-9bf5-11f1-8315-eeee0a991ab8.OPERATION#flowable-async-job-executor-thread-334#
Step "Determine vcap services properties changed" finished#
#2026 08 19 17:46:31.938#Z#DEBUG#d739ad82-9bf5-11f1-8315-eeee0a991ab8.OPERATION#flowable-async-job-executor-thread-333#
[DetermineDesiredStateAchievingActionsStep] Executing task "determineDesiredStateAchievingActionsTask" of process "df7f714f-9bf5-11f1-8315-eeee0a991ab8"...#
#2026 08 19 17:46:31.939#Z#DEBUG#d739ad82-9bf5-11f1-8315-eeee0a991ab8.OPERATION#flowable-async-job-executor-thread-333#
[DetermineDesiredStateAchievingActionsStep] Getting application "mycapapp-db-deployer"...#
#2026 08 19 17:46:31.972#Z#DEBUG#d739ad82-9bf5-11f1-8315-eeee0a991ab8.OPERATION#flowable-async-job-executor-thread-333#
[DetermineDesiredStateAchievingActionsStep] Getting instances for application "mycapapp-db-deployer"...#
#2026 08 19 17:46:31.972#Z#DEBUG#d739ad82-9bf5-11f1-8315-eeee0a991ab8.OPERATION#flowable-async-job-executor-thread-333#
[DetermineDesiredStateAchievingActionsStep] Getting environment of application "226dcc0b-a6a8-45c3-833a-d67d2c896271"...#
#2026 08 19 17:46:32.014#Z#DEBUG#d739ad82-9bf5-11f1-8315-eeee0a991ab8.OPERATION#flowable-async-job-executor-thread-333#
[DetermineDesiredStateAchievingActionsStep] Current state of application mycapapp-db-deployer: STOPPED#
#2026 08 19 17:46:32.014#Z#DEBUG#d739ad82-9bf5-11f1-8315-eeee0a991ab8.OPERATION#flowable-async-job-executor-thread-333#
[DetermineDesiredStateAchievingActionsStep] Desired state of application mycapapp-db-deployer: STOPPED#
#2026 08 19 17:46:32.014#Z#DEBUG#d739ad82-9bf5-11f1-8315-eeee0a991ab8.OPERATION#flowable-async-job-executor-thread-333#
[DetermineDesiredStateAchievingActionsStep] Actions that should be executed on application mycapapp-db-deployer: [STAGE]#
#2026 08 19 17:46:32.014#Z#DEBUG#d739ad82-9bf5-11f1-8315-eeee0a991ab8.OPERATION#flowable-async-job-executor-thread-333#
Step "Determine Desired State Achieving Actions" finished#
#2026 08 19 17:46:31.950#Z#INFO#d739ad82-9bf5-11f1-8315-eeee0a991ab8.OPERATION#pool-20-thread-6#
[UploadAppStep] Time elapsed for app binary download: 178 in millis#
#2026 08 19 17:46:31.950#Z#INFO#d739ad82-9bf5-11f1-8315-eeee0a991ab8.OPERATION#pool-20-thread-6#
[UploadAppStep] Size of app mycapapp-ui is 13,351,941 bytes#
#2026 08 19 17:46:31.950#Z#DEBUG#d739ad82-9bf5-11f1-8315-eeee0a991ab8.OPERATION#pool-20-thread-6#
[UploadAppStep] Asynchronously uploading binaries for application "mycapapp-ui"...#
#2026 08 19 17:46:31.991#Z#DEBUG#d739ad82-9bf5-11f1-8315-eeee0a991ab8.OPERATION#flowable-async-job-executor-thread-334#
[UploadAppStep] Executing task "uploadAppTask" of process "e9f22882-9bf5-11f1-8315-eeee0a991ab8"...#
#2026 08 19 17:46:31.992#Z#DEBUG#d739ad82-9bf5-11f1-8315-eeee0a991ab8.OPERATION#flowable-async-job-executor-thread-334#
[UploadAppStep] Application upload timeout is default one: 3,600 seconds#
#2026 08 19 17:46:31.992#Z#INFO#d739ad82-9bf5-11f1-8315-eeee0a991ab8.OPERATION#flowable-async-job-executor-thread-334#
[UploadAppStep] Uploading application "mycapapp-srv"...#
#2026 08 19 17:46:31.995#Z#DEBUG#d739ad82-9bf5-11f1-8315-eeee0a991ab8.OPERATION#flowable-async-job-executor-thread-334#
[UploadAppStep] Getting application "mycapapp-srv"...#
#2026 08 19 17:46:32.029#Z#DEBUG#d739ad82-9bf5-11f1-8315-eeee0a991ab8.OPERATION#flowable-async-job-executor-thread-334#
[UploadAppStep] Getting environment of application "22d07cc0-425d-441c-8cbb-9456d26e40b2"...#
#2026 08 19 17:46:32.062#Z#INFO#d739ad82-9bf5-11f1-8315-eeee0a991ab8.OPERATION#flowable-async-job-executor-thread-334#
[UploadAppStep] Calculating application digest: "mycapapp-srv"#
#2026 08 19 17:46:32.124#Z#DEBUG#d739ad82-9bf5-11f1-8315-eeee0a991ab8.OPERATION#flowable-async-job-executor-thread-334#
Step "Upload App" finished#
#2026 08 19 17:46:32.228#Z#INFO#d739ad82-9bf5-11f1-8315-eeee0a991ab8.OPERATION#pool-20-thread-6#
[UploadAppStep] Started async upload of application "mycapapp-ui"#
#2026 08 19 17:46:32.233#Z#INFO#d739ad82-9bf5-11f1-8315-eeee0a991ab8.OPERATION#flowable-async-job-executor-thread-330#
[UploadAppStep] Time elapsed for upload: 463 in millis#
#2026 08 19 17:46:32.234#Z#DEBUG#d739ad82-9bf5-11f1-8315-eeee0a991ab8.OPERATION#flowable-async-job-executor-thread-330#
[UploadAppStep] Getting application "mycapapp-ui"...#
#2026 08 19 17:46:32.252#Z#DEBUG#d739ad82-9bf5-11f1-8315-eeee0a991ab8.OPERATION#App upload monitor: 23680df5-04b3-42e2-b3d6-3bfbd99f98f8#
[UploadAppStep] Upload status: PROCESSING_UPLOAD#
#2026 08 19 17:46:32.266#Z#DEBUG#d739ad82-9bf5-11f1-8315-eeee0a991ab8.OPERATION#flowable-async-job-executor-thread-330#
[UploadAppStep] Getting environment of application "9d763cc1-ce91-4508-97f9-61f1cfa90a17"...#
#2026 08 19 17:46:32.303#Z#DEBUG#d739ad82-9bf5-11f1-8315-eeee0a991ab8.OPERATION#flowable-async-job-executor-thread-330#
[UploadAppStep] Updating environment of application "mycapapp-ui"#
#2026 08 19 17:46:32.381#Z#DEBUG#d739ad82-9bf5-11f1-8315-eeee0a991ab8.OPERATION#flowable-async-job-executor-thread-330#
Step "Upload App" finished#
#2026 08 19 17:46:32.046#Z#DEBUG#d739ad82-9bf5-11f1-8315-eeee0a991ab8.OPERATION#flowable-async-job-executor-thread-333#
[StageAppStep] Executing task "stageAppTask" of process "df7f714f-9bf5-11f1-8315-eeee0a991ab8"...#
#2026 08 19 17:46:32.047#Z#DEBUG#d739ad82-9bf5-11f1-8315-eeee0a991ab8.OPERATION#flowable-async-job-executor-thread-333#
[StageAppStep] Application stage timeout is default one: 3,600 seconds#
#2026 08 19 17:46:32.049#Z#INFO#d739ad82-9bf5-11f1-8315-eeee0a991ab8.OPERATION#flowable-async-job-executor-thread-333#
[StageAppStep] Staging application "mycapapp-db-deployer"...#
#2026 08 19 17:46:32.052#Z#DEBUG#d739ad82-9bf5-11f1-8315-eeee0a991ab8.OPERATION#flowable-async-job-executor-thread-333#
[StageAppStep] Creating build for package "ad66abe2-ad13-42cd-9732-fed51134f586"...#
#2026 08 19 17:46:32.417#Z#DEBUG#d739ad82-9bf5-11f1-8315-eeee0a991ab8.OPERATION#flowable-async-job-executor-thread-333#
Step "Stage App" finished#
#2026 08 19 17:46:41.792#Z#DEBUG#d739ad82-9bf5-11f1-8315-eeee0a991ab8.OPERATION#flowable-async-job-executor-thread-391#
[UploadAppStep] Executing task "uploadAppTask" of process "e9f22882-9bf5-11f1-8315-eeee0a991ab8"...#
#2026 08 19 17:46:41.794#Z#DEBUG#d739ad82-9bf5-11f1-8315-eeee0a991ab8.OPERATION#flowable-async-job-executor-thread-391#
[UploadAppStep] Application upload timeout is default one: 3,600 seconds#
#2026 08 19 17:46:41.795#Z#DEBUG#d739ad82-9bf5-11f1-8315-eeee0a991ab8.OPERATION#pool-20-thread-6#
[UploadAppStep] Upload of application: mycapapp-srv started on instance: 0#
#2026 08 19 17:46:41.795#Z#DEBUG#d739ad82-9bf5-11f1-8315-eeee0a991ab8.OPERATION#pool-20-thread-6#
[UploadAppStep] Uploading file "mycapapp-srv/data.zip" for application "mycapapp-srv"#
#2026 08 19 17:46:41.797#Z#DEBUG#d739ad82-9bf5-11f1-8315-eeee0a991ab8.OPERATION#flowable-async-job-executor-thread-392#
[UploadAppStep] Executing task "uploadAppTask" of process "e3f5b78d-9bf5-11f1-8315-eeee0a991ab8"...#
#2026 08 19 17:46:41.798#Z#DEBUG#d739ad82-9bf5-11f1-8315-eeee0a991ab8.OPERATION#flowable-async-job-executor-thread-392#
[UploadAppStep] Application upload timeout is default one: 3,600 seconds#
#2026 08 19 17:46:41.798#Z#DEBUG#d739ad82-9bf5-11f1-8315-eeee0a991ab8.OPERATION#flowable-async-job-executor-thread-392#
[UploadAppStep] Checking upload status of application "mycapapp-ui"...#
#2026 08 19 17:46:41.798#Z#DEBUG#d739ad82-9bf5-11f1-8315-eeee0a991ab8.OPERATION#flowable-async-job-executor-thread-392#
[UploadAppStep] Getting package "23680df5-04b3-42e2-b3d6-3bfbd99f98f8"...#
#2026 08 19 17:46:41.826#Z#DEBUG#d739ad82-9bf5-11f1-8315-eeee0a991ab8.OPERATION#flowable-async-job-executor-thread-392#
[UploadAppStep] Application "mycapapp-ui" uploaded#
#2026 08 19 17:46:41.827#Z#DEBUG#d739ad82-9bf5-11f1-8315-eeee0a991ab8.OPERATION#flowable-async-job-executor-thread-392#
Step "Upload App" finished#
#2026 08 19 17:46:41.850#Z#DEBUG#d739ad82-9bf5-11f1-8315-eeee0a991ab8.OPERATION#flowable-async-job-executor-thread-393#
[ScaleAppStep] Executing task "scaleAppTask" of process "e3f5b78d-9bf5-11f1-8315-eeee0a991ab8"...#
#2026 08 19 17:46:41.852#Z#DEBUG#d739ad82-9bf5-11f1-8315-eeee0a991ab8.OPERATION#flowable-async-job-executor-thread-393#
[ScaleAppStep] Scaling application "mycapapp-ui"...#
#2026 08 19 17:46:41.852#Z#DEBUG#d739ad82-9bf5-11f1-8315-eeee0a991ab8.OPERATION#flowable-async-job-executor-thread-393#
[ScaleAppStep] Application "mycapapp-ui" scaled#
#2026 08 19 17:46:41.852#Z#DEBUG#d739ad82-9bf5-11f1-8315-eeee0a991ab8.OPERATION#flowable-async-job-executor-thread-393#
Step "Scale App" finished#
#2026 08 19 17:46:41.870#Z#DEBUG#d739ad82-9bf5-11f1-8315-eeee0a991ab8.OPERATION#flowable-async-job-executor-thread-394#
[DetermineDesiredStateAchievingActionsStep] Executing task "determineDesiredStateAchievingActionsTask" of process "e3f5b78d-9bf5-11f1-8315-eeee0a991ab8"...#
#2026 08 19 17:46:41.872#Z#DEBUG#d739ad82-9bf5-11f1-8315-eeee0a991ab8.OPERATION#flowable-async-job-executor-thread-394#
[DetermineDesiredStateAchievingActionsStep] Getting application "mycapapp-ui"...#
#2026 08 19 17:46:41.896#Z#DEBUG#d739ad82-9bf5-11f1-8315-eeee0a991ab8.OPERATION#flowable-async-job-executor-thread-394#
[DetermineDesiredStateAchievingActionsStep] Getting instances for application "mycapapp-ui"...#
#2026 08 19 17:46:41.896#Z#DEBUG#d739ad82-9bf5-11f1-8315-eeee0a991ab8.OPERATION#flowable-async-job-executor-thread-394#
[DetermineDesiredStateAchievingActionsStep] Getting environment of application "9d763cc1-ce91-4508-97f9-61f1cfa90a17"...#
#2026 08 19 17:46:41.937#Z#DEBUG#d739ad82-9bf5-11f1-8315-eeee0a991ab8.OPERATION#flowable-async-job-executor-thread-394#
[DetermineDesiredStateAchievingActionsStep] Current state of application mycapapp-ui: STOPPED#
#2026 08 19 17:46:41.937#Z#DEBUG#d739ad82-9bf5-11f1-8315-eeee0a991ab8.OPERATION#flowable-async-job-executor-thread-394#
[DetermineDesiredStateAchievingActionsStep] Desired state of application mycapapp-ui: STARTED#
#2026 08 19 17:46:41.937#Z#DEBUG#d739ad82-9bf5-11f1-8315-eeee0a991ab8.OPERATION#flowable-async-job-executor-thread-394#
[DetermineDesiredStateAchievingActionsStep] Actions that should be executed on application mycapapp-ui: [STAGE, START]#
#2026 08 19 17:46:41.937#Z#DEBUG#d739ad82-9bf5-11f1-8315-eeee0a991ab8.OPERATION#flowable-async-job-executor-thread-394#
Step "Determine Desired State Achieving Actions" finished#
#2026 08 19 17:46:41.792#Z#DEBUG#d739ad82-9bf5-11f1-8315-eeee0a991ab8.OPERATION#flowable-async-job-executor-thread-336#
[StageAppStep] Executing task "stageAppTask" of process "df7f714f-9bf5-11f1-8315-eeee0a991ab8"...#
#2026 08 19 17:46:41.793#Z#DEBUG#d739ad82-9bf5-11f1-8315-eeee0a991ab8.OPERATION#flowable-async-job-executor-thread-336#
[StageAppStep] Application stage timeout is default one: 3,600 seconds#
#2026 08 19 17:46:41.794#Z#DEBUG#d739ad82-9bf5-11f1-8315-eeee0a991ab8.OPERATION#flowable-async-job-executor-thread-336#
[StageAppStep] Checking status of application "mycapapp-db-deployer"...#
#2026 08 19 17:46:41.794#Z#DEBUG#d739ad82-9bf5-11f1-8315-eeee0a991ab8.OPERATION#flowable-async-job-executor-thread-336#
[StageAppStep] Getting build "f9bf1f7f-cbe9-4f7f-af64-f949d890997c"...#
#2026 08 19 17:46:41.831#Z#DEBUG#d739ad82-9bf5-11f1-8315-eeee0a991ab8.OPERATION#flowable-async-job-executor-thread-336#
[StageAppStep] Staging status of application "mycapapp-db-deployer": PENDING#
#2026 08 19 17:46:41.833#Z#DEBUG#d739ad82-9bf5-11f1-8315-eeee0a991ab8.OPERATION#flowable-async-job-executor-thread-336#
[StageAppStep] Getting application guid "mycapapp-db-deployer"...#
#2026 08 19 17:46:41.939#Z#DEBUG#d739ad82-9bf5-11f1-8315-eeee0a991ab8.OPERATION#flowable-async-job-executor-thread-336#
Step "Stage App" finished#
#2026 08 19 17:46:37.274#Z#DEBUG#d739ad82-9bf5-11f1-8315-eeee0a991ab8.OPERATION#App upload monitor: 23680df5-04b3-42e2-b3d6-3bfbd99f98f8#
[UploadAppStep] Upload status: PROCESSING_UPLOAD#
#2026 08 19 17:46:42.301#Z#DEBUG#d739ad82-9bf5-11f1-8315-eeee0a991ab8.OPERATION#App upload monitor: 23680df5-04b3-42e2-b3d6-3bfbd99f98f8#
[UploadAppStep] Upload status: READY#
#2026 08 19 17:46:41.961#Z#DEBUG#d739ad82-9bf5-11f1-8315-eeee0a991ab8.OPERATION#flowable-async-job-executor-thread-395#
[StageAppStep] Executing task "stageAppTask" of process "e3f5b78d-9bf5-11f1-8315-eeee0a991ab8"...#
#2026 08 19 17:46:41.962#Z#DEBUG#d739ad82-9bf5-11f1-8315-eeee0a991ab8.OPERATION#flowable-async-job-executor-thread-395#
[StageAppStep] Application stage timeout is default one: 3,600 seconds#
#2026 08 19 17:46:41.963#Z#INFO#d739ad82-9bf5-11f1-8315-eeee0a991ab8.OPERATION#flowable-async-job-executor-thread-395#
[StageAppStep] Staging application "mycapapp-ui"...#
#2026 08 19 17:46:41.967#Z#DEBUG#d739ad82-9bf5-11f1-8315-eeee0a991ab8.OPERATION#flowable-async-job-executor-thread-395#
[StageAppStep] Creating build for package "23680df5-04b3-42e2-b3d6-3bfbd99f98f8"...#
#2026 08 19 17:46:42.326#Z#DEBUG#d739ad82-9bf5-11f1-8315-eeee0a991ab8.OPERATION#flowable-async-job-executor-thread-395#
Step "Stage App" finished#
#2026 08 19 17:46:42.000#Z#INFO#d739ad82-9bf5-11f1-8315-eeee0a991ab8.OPERATION#pool-20-thread-6#
[UploadAppStep] Time elapsed for app binary download: 204 in millis#
#2026 08 19 17:46:42.001#Z#INFO#d739ad82-9bf5-11f1-8315-eeee0a991ab8.OPERATION#pool-20-thread-6#
[UploadAppStep] Size of app mycapapp-srv is 5,872,883 bytes#
#2026 08 19 17:46:42.001#Z#DEBUG#d739ad82-9bf5-11f1-8315-eeee0a991ab8.OPERATION#pool-20-thread-6#
[UploadAppStep] Asynchronously uploading binaries for application "mycapapp-srv"...#
#2026 08 19 17:46:42.238#Z#INFO#d739ad82-9bf5-11f1-8315-eeee0a991ab8.OPERATION#pool-20-thread-6#
[UploadAppStep] Started async upload of application "mycapapp-srv"#
#2026 08 19 17:46:42.245#Z#INFO#d739ad82-9bf5-11f1-8315-eeee0a991ab8.OPERATION#flowable-async-job-executor-thread-391#
[UploadAppStep] Time elapsed for upload: 451 in millis#
#2026 08 19 17:46:42.246#Z#DEBUG#d739ad82-9bf5-11f1-8315-eeee0a991ab8.OPERATION#flowable-async-job-executor-thread-391#
[UploadAppStep] Getting application "mycapapp-srv"...#
#2026 08 19 17:46:42.264#Z#DEBUG#d739ad82-9bf5-11f1-8315-eeee0a991ab8.OPERATION#App upload monitor: 69ac6a01-7b73-48cf-8978-6d65838a62c9#
[UploadAppStep] Upload status: PROCESSING_UPLOAD#
#2026 08 19 17:46:42.277#Z#DEBUG#d739ad82-9bf5-11f1-8315-eeee0a991ab8.OPERATION#flowable-async-job-executor-thread-391#
[UploadAppStep] Getting environment of application "22d07cc0-425d-441c-8cbb-9456d26e40b2"...#
#2026 08 19 17:46:42.316#Z#DEBUG#d739ad82-9bf5-11f1-8315-eeee0a991ab8.OPERATION#flowable-async-job-executor-thread-391#
[UploadAppStep] Updating environment of application "mycapapp-srv"#
#2026 08 19 17:46:42.388#Z#DEBUG#d739ad82-9bf5-11f1-8315-eeee0a991ab8.OPERATION#flowable-async-job-executor-thread-391#
Step "Upload App" finished#
#2026 08 19 17:46:51.796#Z#DEBUG#d739ad82-9bf5-11f1-8315-eeee0a991ab8.OPERATION#flowable-async-job-executor-thread-340#
[UploadAppStep] Executing task "uploadAppTask" of process "e9f22882-9bf5-11f1-8315-eeee0a991ab8"...#
#2026 08 19 17:46:51.797#Z#DEBUG#d739ad82-9bf5-11f1-8315-eeee0a991ab8.OPERATION#flowable-async-job-executor-thread-340#
[UploadAppStep] Application upload timeout is default one: 3,600 seconds#
#2026 08 19 17:46:51.797#Z#DEBUG#d739ad82-9bf5-11f1-8315-eeee0a991ab8.OPERATION#flowable-async-job-executor-thread-340#
[UploadAppStep] Checking upload status of application "mycapapp-srv"...#
#2026 08 19 17:46:51.798#Z#DEBUG#d739ad82-9bf5-11f1-8315-eeee0a991ab8.OPERATION#flowable-async-job-executor-thread-340#
[UploadAppStep] Getting package "69ac6a01-7b73-48cf-8978-6d65838a62c9"...#
#2026 08 19 17:46:51.819#Z#DEBUG#d739ad82-9bf5-11f1-8315-eeee0a991ab8.OPERATION#flowable-async-job-executor-thread-340#
[UploadAppStep] Application "mycapapp-srv" uploaded#
#2026 08 19 17:46:51.819#Z#DEBUG#d739ad82-9bf5-11f1-8315-eeee0a991ab8.OPERATION#flowable-async-job-executor-thread-340#
Step "Upload App" finished#
#2026 08 19 17:46:51.838#Z#DEBUG#d739ad82-9bf5-11f1-8315-eeee0a991ab8.OPERATION#flowable-async-job-executor-thread-343#
[ScaleAppStep] Executing task "scaleAppTask" of process "e9f22882-9bf5-11f1-8315-eeee0a991ab8"...#
#2026 08 19 17:46:51.839#Z#DEBUG#d739ad82-9bf5-11f1-8315-eeee0a991ab8.OPERATION#flowable-async-job-executor-thread-343#
[ScaleAppStep] Scaling application "mycapapp-srv"...#
#2026 08 19 17:46:51.839#Z#DEBUG#d739ad82-9bf5-11f1-8315-eeee0a991ab8.OPERATION#flowable-async-job-executor-thread-343#
[ScaleAppStep] Getting application guid "mycapapp-srv"...#
#2026 08 19 17:46:51.869#Z#DEBUG#d739ad82-9bf5-11f1-8315-eeee0a991ab8.OPERATION#flowable-async-job-executor-thread-343#
[ScaleAppStep] Getting process for application "22d07cc0-425d-441c-8cbb-9456d26e40b2"...#
#2026 08 19 17:46:51.902#Z#DEBUG#d739ad82-9bf5-11f1-8315-eeee0a991ab8.OPERATION#flowable-async-job-executor-thread-343#
[ScaleAppStep] Application "mycapapp-srv" scaled#
#2026 08 19 17:46:51.902#Z#DEBUG#d739ad82-9bf5-11f1-8315-eeee0a991ab8.OPERATION#flowable-async-job-executor-thread-343#
Step "Scale App" finished#
#2026 08 19 17:46:51.798#Z#DEBUG#d739ad82-9bf5-11f1-8315-eeee0a991ab8.OPERATION#flowable-async-job-executor-thread-341#
[StageAppStep] Executing task "stageAppTask" of process "df7f714f-9bf5-11f1-8315-eeee0a991ab8"...#
#2026 08 19 17:46:51.799#Z#DEBUG#d739ad82-9bf5-11f1-8315-eeee0a991ab8.OPERATION#flowable-async-job-executor-thread-341#
[StageAppStep] Application stage timeout is default one: 3,600 seconds#
#2026 08 19 17:46:51.800#Z#DEBUG#d739ad82-9bf5-11f1-8315-eeee0a991ab8.OPERATION#flowable-async-job-executor-thread-341#
[StageAppStep] Checking status of application "mycapapp-db-deployer"...#
#2026 08 19 17:46:51.800#Z#DEBUG#d739ad82-9bf5-11f1-8315-eeee0a991ab8.OPERATION#flowable-async-job-executor-thread-341#
[StageAppStep] Getting build "f9bf1f7f-cbe9-4f7f-af64-f949d890997c"...#
#2026 08 19 17:46:51.802#Z#DEBUG#d739ad82-9bf5-11f1-8315-eeee0a991ab8.OPERATION#flowable-async-job-executor-thread-342#
[StageAppStep] Executing task "stageAppTask" of process "e3f5b78d-9bf5-11f1-8315-eeee0a991ab8"...#
#2026 08 19 17:46:51.803#Z#DEBUG#d739ad82-9bf5-11f1-8315-eeee0a991ab8.OPERATION#flowable-async-job-executor-thread-342#
[StageAppStep] Application stage timeout is default one: 3,600 seconds#
#2026 08 19 17:46:51.803#Z#DEBUG#d739ad82-9bf5-11f1-8315-eeee0a991ab8.OPERATION#flowable-async-job-executor-thread-342#
[StageAppStep] Checking status of application "mycapapp-ui"...#
#2026 08 19 17:46:51.803#Z#DEBUG#d739ad82-9bf5-11f1-8315-eeee0a991ab8.OPERATION#flowable-async-job-executor-thread-342#
[StageAppStep] Getting build "46be462f-783d-44c7-bd08-a3c06afbb674"...#
#2026 08 19 17:46:51.826#Z#DEBUG#d739ad82-9bf5-11f1-8315-eeee0a991ab8.OPERATION#flowable-async-job-executor-thread-342#
[StageAppStep] Staging status of application "mycapapp-ui": PENDING#
#2026 08 19 17:46:51.827#Z#DEBUG#d739ad82-9bf5-11f1-8315-eeee0a991ab8.OPERATION#flowable-async-job-executor-thread-342#
[StageAppStep] Getting application guid "mycapapp-ui"...#
#2026 08 19 17:46:51.839#Z#DEBUG#d739ad82-9bf5-11f1-8315-eeee0a991ab8.OPERATION#flowable-async-job-executor-thread-341#
[StageAppStep] Staging status of application "mycapapp-db-deployer": STAGED#
#2026 08 19 17:46:51.840#Z#DEBUG#d739ad82-9bf5-11f1-8315-eeee0a991ab8.OPERATION#flowable-async-job-executor-thread-341#
[StageAppStep] Getting application guid "mycapapp-db-deployer"...#
#2026 08 19 17:46:51.912#Z#DEBUG#d739ad82-9bf5-11f1-8315-eeee0a991ab8.OPERATION#flowable-async-job-executor-thread-342#
Step "Stage App" finished#
#2026 08 19 17:46:51.918#Z#DEBUG#d739ad82-9bf5-11f1-8315-eeee0a991ab8.OPERATION#flowable-async-job-executor-thread-344#
[DetermineDesiredStateAchievingActionsStep] Executing task "determineDesiredStateAchievingActionsTask" of process "e9f22882-9bf5-11f1-8315-eeee0a991ab8"...#
#2026 08 19 17:46:51.920#Z#DEBUG#d739ad82-9bf5-11f1-8315-eeee0a991ab8.OPERATION#flowable-async-job-executor-thread-344#
[DetermineDesiredStateAchievingActionsStep] Getting application "mycapapp-srv"...#
#2026 08 19 17:46:51.953#Z#DEBUG#d739ad82-9bf5-11f1-8315-eeee0a991ab8.OPERATION#flowable-async-job-executor-thread-344#
[DetermineDesiredStateAchievingActionsStep] Getting instances for application "mycapapp-srv"...#
#2026 08 19 17:46:51.953#Z#DEBUG#d739ad82-9bf5-11f1-8315-eeee0a991ab8.OPERATION#flowable-async-job-executor-thread-344#
[DetermineDesiredStateAchievingActionsStep] Getting environment of application "22d07cc0-425d-441c-8cbb-9456d26e40b2"...#
#2026 08 19 17:46:51.984#Z#DEBUG#d739ad82-9bf5-11f1-8315-eeee0a991ab8.OPERATION#flowable-async-job-executor-thread-344#
[DetermineDesiredStateAchievingActionsStep] Current state of application mycapapp-srv: STOPPED#
#2026 08 19 17:46:51.984#Z#DEBUG#d739ad82-9bf5-11f1-8315-eeee0a991ab8.OPERATION#flowable-async-job-executor-thread-344#
[DetermineDesiredStateAchievingActionsStep] Desired state of application mycapapp-srv: STARTED#
#2026 08 19 17:46:51.984#Z#DEBUG#d739ad82-9bf5-11f1-8315-eeee0a991ab8.OPERATION#flowable-async-job-executor-thread-344#
[DetermineDesiredStateAchievingActionsStep] Actions that should be executed on application mycapapp-srv: [STAGE, START]#
#2026 08 19 17:46:51.984#Z#DEBUG#d739ad82-9bf5-11f1-8315-eeee0a991ab8.OPERATION#flowable-async-job-executor-thread-344#
Step "Determine Desired State Achieving Actions" finished#
#2026 08 19 17:46:51.943#Z#DEBUG#d739ad82-9bf5-11f1-8315-eeee0a991ab8.OPERATION#flowable-async-job-executor-thread-341#
[StageAppStep] Getting build "f9bf1f7f-cbe9-4f7f-af64-f949d890997c"...#
#2026 08 19 17:46:51.980#Z#DEBUG#d739ad82-9bf5-11f1-8315-eeee0a991ab8.OPERATION#flowable-async-job-executor-thread-341#
[StageAppStep] Binding droplet "3a615694-4c73-41d3-ae79-c5b06d03be67" to application "226dcc0b-a6a8-45c3-833a-d67d2c896271"...#
#2026 08 19 17:46:52.003#Z#DEBUG#d739ad82-9bf5-11f1-8315-eeee0a991ab8.OPERATION#flowable-async-job-executor-thread-344#
[StageAppStep] Executing task "stageAppTask" of process "e9f22882-9bf5-11f1-8315-eeee0a991ab8"...#
#2026 08 19 17:46:52.004#Z#DEBUG#d739ad82-9bf5-11f1-8315-eeee0a991ab8.OPERATION#flowable-async-job-executor-thread-344#
[StageAppStep] Application stage timeout is default one: 3,600 seconds#
#2026 08 19 17:46:52.005#Z#INFO#d739ad82-9bf5-11f1-8315-eeee0a991ab8.OPERATION#flowable-async-job-executor-thread-344#
[StageAppStep] Staging application "mycapapp-srv"...#
#2026 08 19 17:46:52.008#Z#DEBUG#d739ad82-9bf5-11f1-8315-eeee0a991ab8.OPERATION#flowable-async-job-executor-thread-344#
[StageAppStep] Creating build for package "69ac6a01-7b73-48cf-8978-6d65838a62c9"...#
#2026 08 19 17:46:52.044#Z#INFO#d739ad82-9bf5-11f1-8315-eeee0a991ab8.OPERATION#flowable-async-job-executor-thread-341#
[StageAppStep] Application "mycapapp-db-deployer" staged#
#2026 08 19 17:46:52.048#Z#DEBUG#d739ad82-9bf5-11f1-8315-eeee0a991ab8.OPERATION#flowable-async-job-executor-thread-341#
Step "Stage App" finished#
#2026 08 19 17:46:52.092#Z#DEBUG#d739ad82-9bf5-11f1-8315-eeee0a991ab8.OPERATION#flowable-async-job-executor-thread-341#
[PrepareToExecuteTasksStep] Executing task "prepareToExecuteTasksTask" of process "f5f123eb-9bf5-11f1-8315-eeee0a991ab8"...#
#2026 08 19 17:46:52.093#Z#DEBUG#d739ad82-9bf5-11f1-8315-eeee0a991ab8.OPERATION#flowable-async-job-executor-thread-341#
Step "Prepare To Execute Tasks" finished#
#2026 08 19 17:46:47.292#Z#DEBUG#d739ad82-9bf5-11f1-8315-eeee0a991ab8.OPERATION#App upload monitor: 69ac6a01-7b73-48cf-8978-6d65838a62c9#
[UploadAppStep] Upload status: PROCESSING_UPLOAD#
#2026 08 19 17:46:52.320#Z#DEBUG#d739ad82-9bf5-11f1-8315-eeee0a991ab8.OPERATION#App upload monitor: 69ac6a01-7b73-48cf-8978-6d65838a62c9#
[UploadAppStep] Upload status: READY#
#2026 08 19 17:46:52.359#Z#DEBUG#d739ad82-9bf5-11f1-8315-eeee0a991ab8.OPERATION#flowable-async-job-executor-thread-344#
Step "Stage App" finished#
#2026 08 19 17:46:52.109#Z#DEBUG#d739ad82-9bf5-11f1-8315-eeee0a991ab8.OPERATION#flowable-async-job-executor-thread-341#
[ExecuteTaskStep] Executing task "executeTaskTask" of process "f5f123eb-9bf5-11f1-8315-eeee0a991ab8"...#
#2026 08 19 17:46:52.110#Z#DEBUG#d739ad82-9bf5-11f1-8315-eeee0a991ab8.OPERATION#flowable-async-job-executor-thread-341#
[ExecuteTaskStep] Application task execution timeout is default one: 43,200 seconds#
#2026 08 19 17:46:52.111#Z#INFO#d739ad82-9bf5-11f1-8315-eeee0a991ab8.OPERATION#flowable-async-job-executor-thread-341#
[ExecuteTaskStep] Executing task "deploy" on application "mycapapp-db-deployer"...#
#2026 08 19 17:46:52.114#Z#DEBUG#d739ad82-9bf5-11f1-8315-eeee0a991ab8.OPERATION#flowable-async-job-executor-thread-341#
[ExecuteTaskStep] Running task on application "mycapapp-db-deployer": {
  "name" : "deploy",
  "command" : "npm start",
  "limits" : {
    "memory" : 256
  }
}#
#2026 08 19 17:46:52.394#Z#DEBUG#d739ad82-9bf5-11f1-8315-eeee0a991ab8.OPERATION#flowable-async-job-executor-thread-341#
Step "Execute Task" finished#
#2026 08 19 17:47:01.812#Z#DEBUG#d739ad82-9bf5-11f1-8315-eeee0a991ab8.OPERATION#flowable-async-job-executor-thread-349#
[StageAppStep] Executing task "stageAppTask" of process "e3f5b78d-9bf5-11f1-8315-eeee0a991ab8"...#
#2026 08 19 17:47:01.813#Z#DEBUG#d739ad82-9bf5-11f1-8315-eeee0a991ab8.OPERATION#flowable-async-job-executor-thread-349#
[StageAppStep] Application stage timeout is default one: 3,600 seconds#
#2026 08 19 17:47:01.813#Z#DEBUG#d739ad82-9bf5-11f1-8315-eeee0a991ab8.OPERATION#flowable-async-job-executor-thread-349#
[StageAppStep] Checking status of application "mycapapp-ui"...#
#2026 08 19 17:47:01.813#Z#DEBUG#d739ad82-9bf5-11f1-8315-eeee0a991ab8.OPERATION#flowable-async-job-executor-thread-349#
[StageAppStep] Getting build "46be462f-783d-44c7-bd08-a3c06afbb674"...#
#2026 08 19 17:47:01.819#Z#DEBUG#d739ad82-9bf5-11f1-8315-eeee0a991ab8.OPERATION#flowable-async-job-executor-thread-352#
[StageAppStep] Executing task "stageAppTask" of process "e9f22882-9bf5-11f1-8315-eeee0a991ab8"...#
#2026 08 19 17:47:01.819#Z#DEBUG#d739ad82-9bf5-11f1-8315-eeee0a991ab8.OPERATION#flowable-async-job-executor-thread-352#
[StageAppStep] Application stage timeout is default one: 3,600 seconds#
#2026 08 19 17:47:01.820#Z#DEBUG#d739ad82-9bf5-11f1-8315-eeee0a991ab8.OPERATION#flowable-async-job-executor-thread-352#
[StageAppStep] Checking status of application "mycapapp-srv"...#
#2026 08 19 17:47:01.820#Z#DEBUG#d739ad82-9bf5-11f1-8315-eeee0a991ab8.OPERATION#flowable-async-job-executor-thread-352#
[StageAppStep] Getting build "908b5aa1-4181-4a37-a1d1-710b02e47680"...#
#2026 08 19 17:47:01.846#Z#DEBUG#d739ad82-9bf5-11f1-8315-eeee0a991ab8.OPERATION#flowable-async-job-executor-thread-352#
[StageAppStep] Staging status of application "mycapapp-srv": PENDING#
#2026 08 19 17:47:01.848#Z#DEBUG#d739ad82-9bf5-11f1-8315-eeee0a991ab8.OPERATION#flowable-async-job-executor-thread-352#
[StageAppStep] Getting application guid "mycapapp-srv"...#
#2026 08 19 17:47:01.849#Z#DEBUG#d739ad82-9bf5-11f1-8315-eeee0a991ab8.OPERATION#flowable-async-job-executor-thread-349#
[StageAppStep] Staging status of application "mycapapp-ui": PENDING#
#2026 08 19 17:47:01.851#Z#DEBUG#d739ad82-9bf5-11f1-8315-eeee0a991ab8.OPERATION#flowable-async-job-executor-thread-349#
[StageAppStep] Getting application guid "mycapapp-ui"...#
#2026 08 19 17:47:01.935#Z#DEBUG#d739ad82-9bf5-11f1-8315-eeee0a991ab8.OPERATION#flowable-async-job-executor-thread-349#
Step "Stage App" finished#
#2026 08 19 17:47:01.810#Z#DEBUG#d739ad82-9bf5-11f1-8315-eeee0a991ab8.OPERATION#flowable-async-job-executor-thread-351#
[ExecuteTaskStep] Executing task "executeTaskTask" of process "f5f123eb-9bf5-11f1-8315-eeee0a991ab8"...#
#2026 08 19 17:47:01.811#Z#DEBUG#d739ad82-9bf5-11f1-8315-eeee0a991ab8.OPERATION#flowable-async-job-executor-thread-351#
[ExecuteTaskStep] Application task execution timeout is default one: 43,200 seconds#
#2026 08 19 17:47:01.812#Z#DEBUG#d739ad82-9bf5-11f1-8315-eeee0a991ab8.OPERATION#flowable-async-job-executor-thread-351#
[ExecuteTaskStep] Getting task "16c9ed2c-04a3-4bbb-b4f6-ce9af26e771d"...#
#2026 08 19 17:47:01.838#Z#DEBUG#d739ad82-9bf5-11f1-8315-eeee0a991ab8.OPERATION#flowable-async-job-executor-thread-351#
[ExecuteTaskStep] Task execution status: failed#
#2026 08 19 17:47:01.839#Z#DEBUG#d739ad82-9bf5-11f1-8315-eeee0a991ab8.OPERATION#flowable-async-job-executor-thread-351#
[ExecuteTaskStep] Getting application guid "mycapapp-db-deployer"...#
#2026 08 19 17:47:01.927#Z#ERROR#d739ad82-9bf5-11f1-8315-eeee0a991ab8.OPERATION#flowable-async-job-executor-thread-351#
[ExecuteTaskStep] Execution of task "deploy" on application "mycapapp-db-deployer" failed.#
#2026 08 19 17:47:01.938#Z#INFO#d739ad82-9bf5-11f1-8315-eeee0a991ab8.OPERATION#flowable-async-job-executor-thread-351#
[ExecuteTaskStep] Download the MTA operation logs for more details.#
#2026 08 19 17:47:01.942#Z#DEBUG#d739ad82-9bf5-11f1-8315-eeee0a991ab8.OPERATION#flowable-async-job-executor-thread-351#
Step "Execute Task" finished#
#2026 08 19 17:47:01.938#Z#DEBUG#d739ad82-9bf5-11f1-8315-eeee0a991ab8.OPERATION#flowable-async-job-executor-thread-352#
Step "Stage App" finished#
#2026 08 19 17:47:04.358#Z#DEBUG#d739ad82-9bf5-11f1-8315-eeee0a991ab8.OPERATION#flowable-async-job-executor-thread-351#
[ExecuteTaskStep] Executing task "executeTaskTask" of process "f5f123eb-9bf5-11f1-8315-eeee0a991ab8"...#
#2026 08 19 17:47:04.359#Z#DEBUG#d739ad82-9bf5-11f1-8315-eeee0a991ab8.OPERATION#flowable-async-job-executor-thread-351#
[ExecuteTaskStep] Application task execution timeout is default one: 43,200 seconds#
#2026 08 19 17:47:04.421#Z#INFO#d739ad82-9bf5-11f1-8315-eeee0a991ab8.OPERATION#flowable-async-job-executor-thread-351#
[ExecuteTaskStep] Executing task "deploy" on application "mycapapp-db-deployer"...#
#2026 08 19 17:47:04.424#Z#DEBUG#d739ad82-9bf5-11f1-8315-eeee0a991ab8.OPERATION#flowable-async-job-executor-thread-351#
[ExecuteTaskStep] Running task on application "mycapapp-db-deployer": {
  "name" : "deploy",
  "command" : "npm start",
  "limits" : {
    "memory" : 256
  }
}#
#2026 08 19 17:47:04.695#Z#DEBUG#d739ad82-9bf5-11f1-8315-eeee0a991ab8.OPERATION#flowable-async-job-executor-thread-351#
Step "Execute Task" finished#
#2026 08 19 17:47:11.830#Z#DEBUG#d739ad82-9bf5-11f1-8315-eeee0a991ab8.OPERATION#flowable-async-job-executor-thread-357#
[ExecuteTaskStep] Executing task "executeTaskTask" of process "f5f123eb-9bf5-11f1-8315-eeee0a991ab8"...#
#2026 08 19 17:47:11.831#Z#DEBUG#d739ad82-9bf5-11f1-8315-eeee0a991ab8.OPERATION#flowable-async-job-executor-thread-357#
[ExecuteTaskStep] Application task execution timeout is default one: 43,200 seconds#
#2026 08 19 17:47:11.832#Z#DEBUG#d739ad82-9bf5-11f1-8315-eeee0a991ab8.OPERATION#flowable-async-job-executor-thread-357#
[ExecuteTaskStep] Getting task "492eabc1-1746-4771-b56d-5ca4c12361ce"...#
#2026 08 19 17:47:11.865#Z#DEBUG#d739ad82-9bf5-11f1-8315-eeee0a991ab8.OPERATION#flowable-async-job-executor-thread-357#
[ExecuteTaskStep] Task execution status: running#
#2026 08 19 17:47:11.866#Z#DEBUG#d739ad82-9bf5-11f1-8315-eeee0a991ab8.OPERATION#flowable-async-job-executor-thread-357#
[ExecuteTaskStep] Getting application guid "mycapapp-db-deployer"...#
#2026 08 19 17:47:11.958#Z#DEBUG#d739ad82-9bf5-11f1-8315-eeee0a991ab8.OPERATION#flowable-async-job-executor-thread-357#
Step "Execute Task" finished#
#2026 08 19 17:47:11.838#Z#DEBUG#d739ad82-9bf5-11f1-8315-eeee0a991ab8.OPERATION#flowable-async-job-executor-thread-359#
[StageAppStep] Executing task "stageAppTask" of process "e9f22882-9bf5-11f1-8315-eeee0a991ab8"...#
#2026 08 19 17:47:11.839#Z#DEBUG#d739ad82-9bf5-11f1-8315-eeee0a991ab8.OPERATION#flowable-async-job-executor-thread-359#
[StageAppStep] Application stage timeout is default one: 3,600 seconds#
#2026 08 19 17:47:11.839#Z#DEBUG#d739ad82-9bf5-11f1-8315-eeee0a991ab8.OPERATION#flowable-async-job-executor-thread-359#
[StageAppStep] Checking status of application "mycapapp-srv"...#
#2026 08 19 17:47:11.839#Z#DEBUG#d739ad82-9bf5-11f1-8315-eeee0a991ab8.OPERATION#flowable-async-job-executor-thread-359#
[StageAppStep] Getting build "908b5aa1-4181-4a37-a1d1-710b02e47680"...#
#2026 08 19 17:47:11.874#Z#DEBUG#d739ad82-9bf5-11f1-8315-eeee0a991ab8.OPERATION#flowable-async-job-executor-thread-359#
[StageAppStep] Staging status of application "mycapapp-srv": PENDING#
#2026 08 19 17:47:11.875#Z#DEBUG#d739ad82-9bf5-11f1-8315-eeee0a991ab8.OPERATION#flowable-async-job-executor-thread-359#
[StageAppStep] Getting application guid "mycapapp-srv"...#
#2026 08 19 17:47:11.960#Z#DEBUG#d739ad82-9bf5-11f1-8315-eeee0a991ab8.OPERATION#flowable-async-job-executor-thread-359#
Step "Stage App" finished#
#2026 08 19 17:47:11.861#Z#DEBUG#d739ad82-9bf5-11f1-8315-eeee0a991ab8.OPERATION#flowable-async-job-executor-thread-194#
[StageAppStep] Executing task "stageAppTask" of process "e3f5b78d-9bf5-11f1-8315-eeee0a991ab8"...#
#2026 08 19 17:47:11.862#Z#DEBUG#d739ad82-9bf5-11f1-8315-eeee0a991ab8.OPERATION#flowable-async-job-executor-thread-194#
[StageAppStep] Application stage timeout is default one: 3,600 seconds#
#2026 08 19 17:47:11.864#Z#DEBUG#d739ad82-9bf5-11f1-8315-eeee0a991ab8.OPERATION#flowable-async-job-executor-thread-194#
[StageAppStep] Checking status of application "mycapapp-ui"...#
#2026 08 19 17:47:11.864#Z#DEBUG#d739ad82-9bf5-11f1-8315-eeee0a991ab8.OPERATION#flowable-async-job-executor-thread-194#
[StageAppStep] Getting build "46be462f-783d-44c7-bd08-a3c06afbb674"...#
#2026 08 19 17:47:11.894#Z#DEBUG#d739ad82-9bf5-11f1-8315-eeee0a991ab8.OPERATION#flowable-async-job-executor-thread-194#
[StageAppStep] Staging status of application "mycapapp-ui": STAGED#
#2026 08 19 17:47:11.896#Z#DEBUG#d739ad82-9bf5-11f1-8315-eeee0a991ab8.OPERATION#flowable-async-job-executor-thread-194#
[StageAppStep] Getting application guid "mycapapp-ui"...#
#2026 08 19 17:47:11.991#Z#DEBUG#d739ad82-9bf5-11f1-8315-eeee0a991ab8.OPERATION#flowable-async-job-executor-thread-194#
[StageAppStep] Getting build "46be462f-783d-44c7-bd08-a3c06afbb674"...#
#2026 08 19 17:47:12.014#Z#DEBUG#d739ad82-9bf5-11f1-8315-eeee0a991ab8.OPERATION#flowable-async-job-executor-thread-194#
[StageAppStep] Binding droplet "36c86f23-6b9b-4ea4-b649-380debd282f9" to application "9d763cc1-ce91-4508-97f9-61f1cfa90a17"...#
#2026 08 19 17:47:12.078#Z#INFO#d739ad82-9bf5-11f1-8315-eeee0a991ab8.OPERATION#flowable-async-job-executor-thread-194#
[StageAppStep] Application "mycapapp-ui" staged#
#2026 08 19 17:47:12.086#Z#DEBUG#d739ad82-9bf5-11f1-8315-eeee0a991ab8.OPERATION#flowable-async-job-executor-thread-194#
Step "Stage App" finished#
#2026 08 19 17:47:12.127#Z#DEBUG#d739ad82-9bf5-11f1-8315-eeee0a991ab8.OPERATION#flowable-async-job-executor-thread-195#
[RestartAppStep] Executing task "startAppTask" of process "e3f5b78d-9bf5-11f1-8315-eeee0a991ab8"...#
#2026 08 19 17:47:12.130#Z#DEBUG#d739ad82-9bf5-11f1-8315-eeee0a991ab8.OPERATION#flowable-async-job-executor-thread-195#
[RestartAppStep] Application start timeout is default one: 3,600 seconds#
#2026 08 19 17:47:12.132#Z#DEBUG#d739ad82-9bf5-11f1-8315-eeee0a991ab8.OPERATION#flowable-async-job-executor-thread-195#
[RestartAppStep] Getting application "mycapapp-ui"...#
#2026 08 19 17:47:12.160#Z#INFO#d739ad82-9bf5-11f1-8315-eeee0a991ab8.OPERATION#flowable-async-job-executor-thread-195#
[RestartAppStep] Starting application "mycapapp-ui"...#
#2026 08 19 17:47:12.165#Z#DEBUG#d739ad82-9bf5-11f1-8315-eeee0a991ab8.OPERATION#flowable-async-job-executor-thread-195#
[RestartAppStep] Starting application "mycapapp-ui"...#
#2026 08 19 17:47:12.463#Z#DEBUG#d739ad82-9bf5-11f1-8315-eeee0a991ab8.OPERATION#flowable-async-job-executor-thread-195#
Step "Start App" finished#
#2026 08 19 17:47:21.856#Z#DEBUG#d739ad82-9bf5-11f1-8315-eeee0a991ab8.OPERATION#flowable-async-job-executor-thread-366#
[RestartAppStep] Executing task "startAppTask" of process "02197952-9bf6-11f1-8db9-eeee0a99597d"...#
#2026 08 19 17:47:21.858#Z#DEBUG#d739ad82-9bf5-11f1-8315-eeee0a991ab8.OPERATION#flowable-async-job-executor-thread-366#
[RestartAppStep] Application start timeout is default one: 3,600 seconds#
#2026 08 19 17:47:21.859#Z#DEBUG#d739ad82-9bf5-11f1-8315-eeee0a991ab8.OPERATION#flowable-async-job-executor-thread-366#
[RestartAppStep] Checking status of application "mycapapp-ui"...#
#2026 08 19 17:47:21.859#Z#DEBUG#d739ad82-9bf5-11f1-8315-eeee0a991ab8.OPERATION#flowable-async-job-executor-thread-366#
[RestartAppStep] Getting application "mycapapp-ui"...#
#2026 08 19 17:47:21.894#Z#DEBUG#d739ad82-9bf5-11f1-8315-eeee0a991ab8.OPERATION#flowable-async-job-executor-thread-366#
[RestartAppStep] Getting instances for application "mycapapp-ui"...#
#2026 08 19 17:47:21.946#Z#DEBUG#d739ad82-9bf5-11f1-8315-eeee0a991ab8.OPERATION#flowable-async-job-executor-thread-366#
[RestartAppStep] Application "mycapapp-ui": 0 of 1 instances running (1 starting)#
#2026 08 19 17:47:21.983#Z#DEBUG#d739ad82-9bf5-11f1-8315-eeee0a991ab8.OPERATION#flowable-async-job-executor-thread-366#
Step "Start App" finished#
#2026 08 19 17:47:21.855#Z#DEBUG#d739ad82-9bf5-11f1-8315-eeee0a991ab8.OPERATION#flowable-async-job-executor-thread-365#
[ExecuteTaskStep] Executing task "executeTaskTask" of process "f5f123eb-9bf5-11f1-8315-eeee0a991ab8"...#
#2026 08 19 17:47:21.857#Z#DEBUG#d739ad82-9bf5-11f1-8315-eeee0a991ab8.OPERATION#flowable-async-job-executor-thread-365#
[ExecuteTaskStep] Application task execution timeout is default one: 43,200 seconds#
#2026 08 19 17:47:21.858#Z#DEBUG#d739ad82-9bf5-11f1-8315-eeee0a991ab8.OPERATION#flowable-async-job-executor-thread-365#
[ExecuteTaskStep] Getting task "492eabc1-1746-4771-b56d-5ca4c12361ce"...#
#2026 08 19 17:47:21.889#Z#DEBUG#d739ad82-9bf5-11f1-8315-eeee0a991ab8.OPERATION#flowable-async-job-executor-thread-365#
[ExecuteTaskStep] Task execution status: failed#
#2026 08 19 17:47:21.890#Z#DEBUG#d739ad82-9bf5-11f1-8315-eeee0a991ab8.OPERATION#flowable-async-job-executor-thread-365#
[ExecuteTaskStep] Getting application guid "mycapapp-db-deployer"...#
#2026 08 19 17:47:21.986#Z#ERROR#d739ad82-9bf5-11f1-8315-eeee0a991ab8.OPERATION#flowable-async-job-executor-thread-365#
[ExecuteTaskStep] Execution of task "deploy" on application "mycapapp-db-deployer" failed.#
#2026 08 19 17:47:21.991#Z#INFO#d739ad82-9bf5-11f1-8315-eeee0a991ab8.OPERATION#flowable-async-job-executor-thread-365#
[ExecuteTaskStep] Download the MTA operation logs for more details.#
#2026 08 19 17:47:21.994#Z#DEBUG#d739ad82-9bf5-11f1-8315-eeee0a991ab8.OPERATION#flowable-async-job-executor-thread-365#
Step "Execute Task" finished#
#2026 08 19 17:47:21.859#Z#DEBUG#d739ad82-9bf5-11f1-8315-eeee0a991ab8.OPERATION#flowable-async-job-executor-thread-405#
[StageAppStep] Executing task "stageAppTask" of process "e9f22882-9bf5-11f1-8315-eeee0a991ab8"...#
#2026 08 19 17:47:21.860#Z#DEBUG#d739ad82-9bf5-11f1-8315-eeee0a991ab8.OPERATION#flowable-async-job-executor-thread-405#
[StageAppStep] Application stage timeout is default one: 3,600 seconds#
#2026 08 19 17:47:21.861#Z#DEBUG#d739ad82-9bf5-11f1-8315-eeee0a991ab8.OPERATION#flowable-async-job-executor-thread-405#
[StageAppStep] Checking status of application "mycapapp-srv"...#
#2026 08 19 17:47:21.861#Z#DEBUG#d739ad82-9bf5-11f1-8315-eeee0a991ab8.OPERATION#flowable-async-job-executor-thread-405#
[StageAppStep] Getting build "908b5aa1-4181-4a37-a1d1-710b02e47680"...#
#2026 08 19 17:47:21.895#Z#DEBUG#d739ad82-9bf5-11f1-8315-eeee0a991ab8.OPERATION#flowable-async-job-executor-thread-405#
[StageAppStep] Staging status of application "mycapapp-srv": STAGED#
#2026 08 19 17:47:21.897#Z#DEBUG#d739ad82-9bf5-11f1-8315-eeee0a991ab8.OPERATION#flowable-async-job-executor-thread-405#
[StageAppStep] Getting application guid "mycapapp-srv"...#
#2026 08 19 17:47:21.963#Z#DEBUG#d739ad82-9bf5-11f1-8315-eeee0a991ab8.OPERATION#flowable-async-job-executor-thread-405#
[StageAppStep] Getting build "908b5aa1-4181-4a37-a1d1-710b02e47680"...#
#2026 08 19 17:47:22.000#Z#DEBUG#d739ad82-9bf5-11f1-8315-eeee0a991ab8.OPERATION#flowable-async-job-executor-thread-405#
[StageAppStep] Binding droplet "4d8da850-8bbd-405e-8489-f55bd43f2d58" to application "22d07cc0-425d-441c-8cbb-9456d26e40b2"...#
#2026 08 19 17:47:22.062#Z#INFO#d739ad82-9bf5-11f1-8315-eeee0a991ab8.OPERATION#flowable-async-job-executor-thread-405#
[StageAppStep] Application "mycapapp-srv" staged#
#2026 08 19 17:47:22.066#Z#DEBUG#d739ad82-9bf5-11f1-8315-eeee0a991ab8.OPERATION#flowable-async-job-executor-thread-405#
Step "Stage App" finished#
#2026 08 19 17:47:22.094#Z#DEBUG#d739ad82-9bf5-11f1-8315-eeee0a991ab8.OPERATION#flowable-async-job-executor-thread-406#
[RestartAppStep] Executing task "startAppTask" of process "e9f22882-9bf5-11f1-8315-eeee0a991ab8"...#
#2026 08 19 17:47:22.096#Z#DEBUG#d739ad82-9bf5-11f1-8315-eeee0a991ab8.OPERATION#flowable-async-job-executor-thread-406#
[RestartAppStep] Application start timeout is default one: 3,600 seconds#
#2026 08 19 17:47:22.097#Z#DEBUG#d739ad82-9bf5-11f1-8315-eeee0a991ab8.OPERATION#flowable-async-job-executor-thread-406#
[RestartAppStep] Getting application "mycapapp-srv"...#
#2026 08 19 17:47:22.147#Z#INFO#d739ad82-9bf5-11f1-8315-eeee0a991ab8.OPERATION#flowable-async-job-executor-thread-406#
[RestartAppStep] Starting application "mycapapp-srv"...#
#2026 08 19 17:47:22.150#Z#DEBUG#d739ad82-9bf5-11f1-8315-eeee0a991ab8.OPERATION#flowable-async-job-executor-thread-406#
[RestartAppStep] Starting application "mycapapp-srv"...#
#2026 08 19 17:47:22.459#Z#DEBUG#d739ad82-9bf5-11f1-8315-eeee0a991ab8.OPERATION#flowable-async-job-executor-thread-406#
Step "Start App" finished#
#2026 08 19 17:47:22.720#Z#DEBUG#d739ad82-9bf5-11f1-8315-eeee0a991ab8.OPERATION#flowable-async-job-executor-thread-361#
[ExecuteTaskStep] Executing task "executeTaskTask" of process "f5f123eb-9bf5-11f1-8315-eeee0a991ab8"...#
#2026 08 19 17:47:22.721#Z#DEBUG#d739ad82-9bf5-11f1-8315-eeee0a991ab8.OPERATION#flowable-async-job-executor-thread-361#
[ExecuteTaskStep] Application task execution timeout is default one: 43,200 seconds#
#2026 08 19 17:47:22.788#Z#INFO#d739ad82-9bf5-11f1-8315-eeee0a991ab8.OPERATION#flowable-async-job-executor-thread-361#
[ExecuteTaskStep] Executing task "deploy" on application "mycapapp-db-deployer"...#
#2026 08 19 17:47:22.792#Z#DEBUG#d739ad82-9bf5-11f1-8315-eeee0a991ab8.OPERATION#flowable-async-job-executor-thread-361#
[ExecuteTaskStep] Running task on application "mycapapp-db-deployer": {
  "name" : "deploy",
  "command" : "npm start",
  "limits" : {
    "memory" : 256
  }
}#
#2026 08 19 17:47:23.056#Z#DEBUG#d739ad82-9bf5-11f1-8315-eeee0a991ab8.OPERATION#flowable-async-job-executor-thread-361#
Step "Execute Task" finished#
#2026 08 19 17:47:31.867#Z#DEBUG#d739ad82-9bf5-11f1-8315-eeee0a991ab8.OPERATION#flowable-async-job-executor-thread-375#
[RestartAppStep] Executing task "startAppTask" of process "07c5ce9e-9bf6-11f1-8315-eeee0a991ab8"...#
#2026 08 19 17:47:31.868#Z#DEBUG#d739ad82-9bf5-11f1-8315-eeee0a991ab8.OPERATION#flowable-async-job-executor-thread-375#
[RestartAppStep] Application start timeout is default one: 3,600 seconds#
#2026 08 19 17:47:31.868#Z#DEBUG#d739ad82-9bf5-11f1-8315-eeee0a991ab8.OPERATION#flowable-async-job-executor-thread-375#
[RestartAppStep] Checking status of application "mycapapp-ui"...#
#2026 08 19 17:47:31.869#Z#DEBUG#d739ad82-9bf5-11f1-8315-eeee0a991ab8.OPERATION#flowable-async-job-executor-thread-375#
[RestartAppStep] Getting instances for application "mycapapp-ui"...#
#2026 08 19 17:47:31.869#Z#DEBUG#d739ad82-9bf5-11f1-8315-eeee0a991ab8.OPERATION#flowable-async-job-executor-thread-376#
[RestartAppStep] Executing task "startAppTask" of process "080e7040-9bf6-11f1-aeca-eeee0a8eaf6d"...#
#2026 08 19 17:47:31.870#Z#DEBUG#d739ad82-9bf5-11f1-8315-eeee0a991ab8.OPERATION#flowable-async-job-executor-thread-376#
[RestartAppStep] Application start timeout is default one: 3,600 seconds#
#2026 08 19 17:47:31.871#Z#DEBUG#d739ad82-9bf5-11f1-8315-eeee0a991ab8.OPERATION#flowable-async-job-executor-thread-376#
[RestartAppStep] Checking status of application "mycapapp-srv"...#
#2026 08 19 17:47:31.871#Z#DEBUG#d739ad82-9bf5-11f1-8315-eeee0a991ab8.OPERATION#flowable-async-job-executor-thread-376#
[RestartAppStep] Getting application "mycapapp-srv"...#
#2026 08 19 17:47:31.906#Z#DEBUG#d739ad82-9bf5-11f1-8315-eeee0a991ab8.OPERATION#flowable-async-job-executor-thread-376#
[RestartAppStep] Getting instances for application "mycapapp-srv"...#
#2026 08 19 17:47:31.946#Z#DEBUG#d739ad82-9bf5-11f1-8315-eeee0a991ab8.OPERATION#flowable-async-job-executor-thread-375#
[RestartAppStep] Application "mycapapp-ui": 0 of 1 instances running (1 starting)#
#2026 08 19 17:47:31.958#Z#DEBUG#d739ad82-9bf5-11f1-8315-eeee0a991ab8.OPERATION#flowable-async-job-executor-thread-376#
[RestartAppStep] Application "mycapapp-srv": 1 of 1 instances running (1 running)#
#2026 08 19 17:47:31.970#Z#DEBUG#d739ad82-9bf5-11f1-8315-eeee0a991ab8.OPERATION#flowable-async-job-executor-thread-375#
Step "Start App" finished#
#2026 08 19 17:47:31.880#Z#DEBUG#d739ad82-9bf5-11f1-8315-eeee0a991ab8.OPERATION#flowable-async-job-executor-thread-374#
[ExecuteTaskStep] Executing task "executeTaskTask" of process "f5f123eb-9bf5-11f1-8315-eeee0a991ab8"...#
#2026 08 19 17:47:31.880#Z#DEBUG#d739ad82-9bf5-11f1-8315-eeee0a991ab8.OPERATION#flowable-async-job-executor-thread-374#
[ExecuteTaskStep] Application task execution timeout is default one: 43,200 seconds#
#2026 08 19 17:47:31.882#Z#DEBUG#d739ad82-9bf5-11f1-8315-eeee0a991ab8.OPERATION#flowable-async-job-executor-thread-374#
[ExecuteTaskStep] Getting task "93af9e1e-e8ba-4348-82a4-50590e1b92ef"...#
#2026 08 19 17:47:31.909#Z#DEBUG#d739ad82-9bf5-11f1-8315-eeee0a991ab8.OPERATION#flowable-async-job-executor-thread-374#
[ExecuteTaskStep] Task execution status: failed#
#2026 08 19 17:47:31.911#Z#DEBUG#d739ad82-9bf5-11f1-8315-eeee0a991ab8.OPERATION#flowable-async-job-executor-thread-374#
[ExecuteTaskStep] Getting application guid "mycapapp-db-deployer"...#
#2026 08 19 17:47:31.971#Z#ERROR#d739ad82-9bf5-11f1-8315-eeee0a991ab8.OPERATION#flowable-async-job-executor-thread-374#
[ExecuteTaskStep] Execution of task "deploy" on application "mycapapp-db-deployer" failed.#
#2026 08 19 17:47:31.977#Z#INFO#d739ad82-9bf5-11f1-8315-eeee0a991ab8.OPERATION#flowable-async-job-executor-thread-374#
[ExecuteTaskStep] Download the MTA operation logs for more details.#
#2026 08 19 17:47:31.980#Z#DEBUG#d739ad82-9bf5-11f1-8315-eeee0a991ab8.OPERATION#flowable-async-job-executor-thread-374#
Step "Execute Task" finished#
#2026 08 19 17:47:31.984#Z#DEBUG#d739ad82-9bf5-11f1-8315-eeee0a991ab8.OPERATION#flowable-async-job-executor-thread-376#
[RestartAppStep] Getting routes for application "22d07cc0-425d-441c-8cbb-9456d26e40b2"...#
#2026 08 19 17:47:32.025#Z#INFO#d739ad82-9bf5-11f1-8315-eeee0a991ab8.OPERATION#flowable-async-job-executor-thread-376#
[RestartAppStep] Application "mycapapp-srv" started and available at "7552edf5trial-dev-mycapapp-srv.cfapps.us10-003.hana.ondemand.com"#
#2026 08 19 17:47:32.036#Z#DEBUG#d739ad82-9bf5-11f1-8315-eeee0a991ab8.OPERATION#flowable-async-job-executor-thread-376#
Step "Start App" finished#
#2026 08 19 17:47:35.008#Z#DEBUG#d739ad82-9bf5-11f1-8315-eeee0a991ab8.OPERATION#flowable-async-job-executor-thread-371#
[ExecuteTaskStep] Executing task "executeTaskTask" of process "f5f123eb-9bf5-11f1-8315-eeee0a991ab8"...#
#2026 08 19 17:47:35.009#Z#DEBUG#d739ad82-9bf5-11f1-8315-eeee0a991ab8.OPERATION#flowable-async-job-executor-thread-371#
[ExecuteTaskStep] Application task execution timeout is default one: 43,200 seconds#
#2026 08 19 17:47:35.076#Z#INFO#d739ad82-9bf5-11f1-8315-eeee0a991ab8.OPERATION#flowable-async-job-executor-thread-371#
[ExecuteTaskStep] Executing task "deploy" on application "mycapapp-db-deployer"...#
#2026 08 19 17:47:35.079#Z#DEBUG#d739ad82-9bf5-11f1-8315-eeee0a991ab8.OPERATION#flowable-async-job-executor-thread-371#
[ExecuteTaskStep] Running task on application "mycapapp-db-deployer": {
  "name" : "deploy",
  "command" : "npm start",
  "limits" : {
    "memory" : 256
  }
}#
#2026 08 19 17:47:35.344#Z#DEBUG#d739ad82-9bf5-11f1-8315-eeee0a991ab8.OPERATION#flowable-async-job-executor-thread-371#
Step "Execute Task" finished#
#2026 08 19 17:47:41.883#Z#DEBUG#d739ad82-9bf5-11f1-8315-eeee0a991ab8.OPERATION#flowable-async-job-executor-thread-381#
[RestartAppStep] Executing task "startAppTask" of process "0db98d07-9bf6-11f1-8315-eeee0a991ab8"...#
#2026 08 19 17:47:41.885#Z#DEBUG#d739ad82-9bf5-11f1-8315-eeee0a991ab8.OPERATION#flowable-async-job-executor-thread-381#
[RestartAppStep] Application start timeout is default one: 3,600 seconds#
#2026 08 19 17:47:41.885#Z#DEBUG#d739ad82-9bf5-11f1-8315-eeee0a991ab8.OPERATION#flowable-async-job-executor-thread-381#
[RestartAppStep] Checking status of application "mycapapp-ui"...#
#2026 08 19 17:47:41.886#Z#DEBUG#d739ad82-9bf5-11f1-8315-eeee0a991ab8.OPERATION#flowable-async-job-executor-thread-381#
[RestartAppStep] Getting instances for application "mycapapp-ui"...#
#2026 08 19 17:47:41.894#Z#DEBUG#d739ad82-9bf5-11f1-8315-eeee0a991ab8.OPERATION#flowable-async-job-executor-thread-380#
[RestartAppStep] Executing task "startAppTask" of process "0dc3c649-9bf6-11f1-8315-eeee0a991ab8"...#
#2026 08 19 17:47:41.895#Z#DEBUG#d739ad82-9bf5-11f1-8315-eeee0a991ab8.OPERATION#flowable-async-job-executor-thread-380#
[RestartAppStep] Application start timeout is default one: 3,600 seconds#
#2026 08 19 17:47:41.896#Z#DEBUG#d739ad82-9bf5-11f1-8315-eeee0a991ab8.OPERATION#flowable-async-job-executor-thread-380#
Step "Start App" finished#
#2026 08 19 17:47:41.941#Z#DEBUG#d739ad82-9bf5-11f1-8315-eeee0a991ab8.OPERATION#flowable-async-job-executor-thread-380#
[PrepareToExecuteTasksStep] Executing task "prepareToExecuteTasksTask" of process "13a77e45-9bf6-11f1-8315-eeee0a991ab8"...#
#2026 08 19 17:47:41.942#Z#DEBUG#d739ad82-9bf5-11f1-8315-eeee0a991ab8.OPERATION#flowable-async-job-executor-thread-380#
Step "Prepare To Execute Tasks" finished#
#2026 08 19 17:47:41.974#Z#DEBUG#d739ad82-9bf5-11f1-8315-eeee0a991ab8.OPERATION#flowable-async-job-executor-thread-380#
[PublishConfigurationEntriesStep] Executing task "publishProvidedDependenciesTask" of process "13a422c4-9bf6-11f1-8315-eeee0a991ab8"...#
#2026 08 19 17:47:41.975#Z#DEBUG#d739ad82-9bf5-11f1-8315-eeee0a991ab8.OPERATION#flowable-async-job-executor-thread-380#
[PublishConfigurationEntriesStep] Publishing public provided dependencies for application "mycapapp-srv"...#
#2026 08 19 17:47:41.976#Z#DEBUG#d739ad82-9bf5-11f1-8315-eeee0a991ab8.OPERATION#flowable-async-job-executor-thread-380#
[PublishConfigurationEntriesStep] No public provided dependencies for publishing#
#2026 08 19 17:47:41.976#Z#DEBUG#d739ad82-9bf5-11f1-8315-eeee0a991ab8.OPERATION#flowable-async-job-executor-thread-380#
Step "Publish Provided Dependencies" finished#
#2026 08 19 17:47:41.945#Z#DEBUG#d739ad82-9bf5-11f1-8315-eeee0a991ab8.OPERATION#flowable-async-job-executor-thread-381#
[RestartAppStep] Application "mycapapp-ui": 0 of 1 instances running (1 starting)#
#2026 08 19 17:47:41.976#Z#DEBUG#d739ad82-9bf5-11f1-8315-eeee0a991ab8.OPERATION#flowable-async-job-executor-thread-381#
Step "Start App" finished#
#2026 08 19 17:47:41.993#Z#DEBUG#d739ad82-9bf5-11f1-8315-eeee0a991ab8.OPERATION#flowable-async-job-executor-thread-380#
[CreateOrUpdateServiceBrokerStep] Executing task "createOrUpdateServiceBrokerTask" of process "13a422c4-9bf6-11f1-8315-eeee0a991ab8"...#
#2026 08 19 17:47:41.994#Z#DEBUG#d739ad82-9bf5-11f1-8315-eeee0a991ab8.OPERATION#flowable-async-job-executor-thread-380#
[CreateOrUpdateServiceBrokerStep] Creating service brokers...#
#2026 08 19 17:47:41.994#Z#DEBUG#d739ad82-9bf5-11f1-8315-eeee0a991ab8.OPERATION#flowable-async-job-executor-thread-380#
Step "Create Or Update Service Broker " finished#
#2026 08 19 17:47:41.890#Z#DEBUG#d739ad82-9bf5-11f1-8315-eeee0a991ab8.OPERATION#flowable-async-job-executor-thread-384#
[ExecuteTaskStep] Executing task "executeTaskTask" of process "f5f123eb-9bf5-11f1-8315-eeee0a991ab8"...#
#2026 08 19 17:47:41.890#Z#DEBUG#d739ad82-9bf5-11f1-8315-eeee0a991ab8.OPERATION#flowable-async-job-executor-thread-384#
[ExecuteTaskStep] Application task execution timeout is default one: 43,200 seconds#
#2026 08 19 17:47:41.891#Z#DEBUG#d739ad82-9bf5-11f1-8315-eeee0a991ab8.OPERATION#flowable-async-job-executor-thread-384#
[ExecuteTaskStep] Getting task "73aa2620-0bcc-4fa3-a7c2-090bbd582e6b"...#
#2026 08 19 17:47:41.914#Z#DEBUG#d739ad82-9bf5-11f1-8315-eeee0a991ab8.OPERATION#flowable-async-job-executor-thread-384#
[ExecuteTaskStep] Task execution status: running#
#2026 08 19 17:47:41.916#Z#DEBUG#d739ad82-9bf5-11f1-8315-eeee0a991ab8.OPERATION#flowable-async-job-executor-thread-384#
[ExecuteTaskStep] Getting application guid "mycapapp-db-deployer"...#
#2026 08 19 17:47:42.017#Z#DEBUG#d739ad82-9bf5-11f1-8315-eeee0a991ab8.OPERATION#flowable-async-job-executor-thread-384#
Step "Execute Task" finished#
#2026 08 19 17:47:51.910#Z#DEBUG#d739ad82-9bf5-11f1-8315-eeee0a991ab8.OPERATION#flowable-async-job-executor-thread-391#
[RestartAppStep] Executing task "startAppTask" of process "13b05804-9bf6-11f1-8315-eeee0a991ab8"...#
#2026 08 19 17:47:51.912#Z#DEBUG#d739ad82-9bf5-11f1-8315-eeee0a991ab8.OPERATION#flowable-async-job-executor-thread-391#
[RestartAppStep] Application start timeout is default one: 3,600 seconds#
#2026 08 19 17:47:51.912#Z#DEBUG#d739ad82-9bf5-11f1-8315-eeee0a991ab8.OPERATION#flowable-async-job-executor-thread-391#
[RestartAppStep] Checking status of application "mycapapp-ui"...#
#2026 08 19 17:47:51.913#Z#DEBUG#d739ad82-9bf5-11f1-8315-eeee0a991ab8.OPERATION#flowable-async-job-executor-thread-391#
[RestartAppStep] Getting instances for application "mycapapp-ui"...#
#2026 08 19 17:47:51.978#Z#DEBUG#d739ad82-9bf5-11f1-8315-eeee0a991ab8.OPERATION#flowable-async-job-executor-thread-391#
[RestartAppStep] Application "mycapapp-ui": 0 of 1 instances running (1 crashed)#
#2026 08 19 17:47:52.010#Z#ERROR#d739ad82-9bf5-11f1-8315-eeee0a991ab8.OPERATION#flowable-async-job-executor-thread-391#
[RestartAppStep] Error starting application "mycapapp-ui": Some instances have crashed. Check the application logs of your application for details.#
#2026 08 19 17:47:52.014#Z#INFO#d739ad82-9bf5-11f1-8315-eeee0a991ab8.OPERATION#flowable-async-job-executor-thread-391#
[RestartAppStep] Download the MTA operation logs for more details.#
#2026 08 19 17:47:52.016#Z#DEBUG#d739ad82-9bf5-11f1-8315-eeee0a991ab8.OPERATION#flowable-async-job-executor-thread-391#
Step "Start App" finished#
#2026 08 19 17:47:51.905#Z#DEBUG#d739ad82-9bf5-11f1-8315-eeee0a991ab8.OPERATION#flowable-async-job-executor-thread-390#
[ExecuteTaskStep] Executing task "executeTaskTask" of process "f5f123eb-9bf5-11f1-8315-eeee0a991ab8"...#
#2026 08 19 17:47:51.906#Z#DEBUG#d739ad82-9bf5-11f1-8315-eeee0a991ab8.OPERATION#flowable-async-job-executor-thread-390#
[ExecuteTaskStep] Application task execution timeout is default one: 43,200 seconds#
#2026 08 19 17:47:51.907#Z#DEBUG#d739ad82-9bf5-11f1-8315-eeee0a991ab8.OPERATION#flowable-async-job-executor-thread-390#
[ExecuteTaskStep] Getting task "73aa2620-0bcc-4fa3-a7c2-090bbd582e6b"...#
#2026 08 19 17:47:51.950#Z#DEBUG#d739ad82-9bf5-11f1-8315-eeee0a991ab8.OPERATION#flowable-async-job-executor-thread-390#
[ExecuteTaskStep] Task execution status: failed#
#2026 08 19 17:47:51.951#Z#DEBUG#d739ad82-9bf5-11f1-8315-eeee0a991ab8.OPERATION#flowable-async-job-executor-thread-390#
[ExecuteTaskStep] Getting application guid "mycapapp-db-deployer"...#
#2026 08 19 17:47:52.030#Z#ERROR#d739ad82-9bf5-11f1-8315-eeee0a991ab8.OPERATION#flowable-async-job-executor-thread-390#
[ExecuteTaskStep] Execution of task "deploy" on application "mycapapp-db-deployer" failed.#
#2026 08 19 17:47:52.034#Z#INFO#d739ad82-9bf5-11f1-8315-eeee0a991ab8.OPERATION#flowable-async-job-executor-thread-390#
[ExecuteTaskStep] Download the MTA operation logs for more details.#
#2026 08 19 17:47:52.036#Z#DEBUG#d739ad82-9bf5-11f1-8315-eeee0a991ab8.OPERATION#flowable-async-job-executor-thread-390#
Step "Execute Task" finished#
